customerID|phoneNo|customerName
7|1-255-369-2719|Kenneth
8|1-715-343-1722|Ulysses
9|1-423-190-2993|Keelie
10|1-236-885-7239|Lionel
11|1-734-128-7962|Elaine
12|1-939-521-6979|Simone
13|1-447-483-2376|Xandra
14|1-711-114-1301|Josiah
15|1-457-186-4842|Jenette
16|1-208-314-0981|Xantha
17|1-851-825-6939|Bree
18|1-412-945-8008|Melanie
19|1-527-203-0879|Christopher
20|1-100-477-6315|Ruth
21|1-812-288-9420|Celeste
22|1-339-920-6076|Aurelia
23|1-977-571-0479|Todd
24|1-773-944-4115|Lael
25|1-275-301-3064|Gareth
26|1-625-747-6963|Keane
27|1-166-947-9470|Lunea
28|1-495-450-9939|Ima
29|1-302-510-6945|Amal
30|1-752-828-7390|Akeem
31|1-530-106-4693|Shellie
32|1-605-198-3812|Lara
33|1-491-361-1622|Lacota
34|1-199-346-4780|Aphrodite
35|1-913-859-8246|Shellie
36|1-463-266-0147|Leslie
37|1-751-643-9275|Clare
38|1-267-456-6203|Wing
39|1-480-816-1542|Lars
40|1-495-851-0238|Felix
41|1-844-653-1016|Desirae
42|1-359-805-7850|Orlando
43|1-596-905-4080|Michael
44|1-959-600-9433|Lacey
45|1-411-844-7739|Teegan
46|1-676-999-9604|Amal
47|1-724-376-2269|Kelly
48|1-692-722-8509|Noelle
49|1-617-436-7898|Dana
50|1-565-800-0675|Gannon
51|1-405-879-8313|Reuben
52|1-835-844-8731|Clio
53|1-828-748-0264|Keaton
54|1-178-582-0777|Dakota
55|1-637-440-6925|Leslie
56|1-156-562-4282|Iliana
57|1-195-362-5850|Erasmus
58|1-497-552-0392|Bell
59|1-337-402-8722|Dacey
60|1-571-216-7572|Ifeoma
61|1-572-153-2088|Alexander
62|1-109-747-7681|Lucius
63|1-740-940-2252|Finn
64|1-588-148-4963|Amal
65|1-977-539-0011|Vaughan
66|1-143-159-1980|Nathaniel
67|1-506-536-1295|Larissa
68|1-314-657-9440|Simone
69|1-705-198-2911|Aristotle
70|1-435-913-4238|Hope
71|1-524-846-8121|Emily
72|1-760-789-9443|Zachary
73|1-873-477-1015|Orson
74|1-204-165-3159|Rooney
75|1-670-271-0131|Xanthus
76|1-112-612-0489|Kathleen
77|1-690-740-6901|Phyllis
78|1-636-917-6430|Neville
79|1-945-744-2687|Lillith
80|1-517-837-5098|Christine
81|1-642-324-4033|Hasad
82|1-839-371-0099|Kamal
83|1-539-735-9374|Jeanette
84|1-416-122-0548|Rogan
85|1-775-120-5645|Cecilia
86|1-422-513-0050|Richard
87|1-766-885-9205|Brynne
88|1-456-410-5174|Jillian
89|1-324-908-3674|Ian
90|1-369-960-7161|Owen
91|1-102-983-3381|Anastasia
92|1-771-531-5307|Frances
93|1-609-684-3915|Brady
94|1-612-189-1565|Quinn
95|1-496-392-6428|Chase
96|1-230-591-9987|Mannix
97|1-446-325-6556|Dolan
98|1-277-841-1752|Hedley
99|1-219-512-9897|Reuben
100|1-233-917-5960|Quentin
101|1-602-891-1657|Colleen
102|1-510-895-1592|Addison
103|1-629-539-7526|Jemima
104|1-735-239-0742|Yoko
105|1-718-906-4293|Daryl
106|1-449-519-2034|Kareem
107|1-893-384-8049|Scott
108|1-276-422-1911|Clare
109|1-667-315-3867|Amos
110|1-734-638-8951|Sonya
111|1-178-335-0430|Charles
112|1-451-442-0634|Damon
113|1-713-554-9909|Lee
114|1-181-511-1456|Madaline
115|1-632-921-3827|Daquan
116|1-703-765-5425|Talon
117|1-274-294-9151|Ursula
118|1-315-167-3991|Ivory
119|1-937-823-8626|Zoe
120|1-722-495-1910|Lionel
121|1-707-491-2411|Kameko
122|1-791-544-2752|Lee
123|1-523-428-1650|Francesca
124|1-502-241-3524|Kenneth
125|1-153-198-5052|Herrod
126|1-261-935-4675|Lila
127|1-821-462-3090|Rhea
128|1-316-352-0319|Christopher
129|1-232-299-4863|Sopoline
130|1-983-107-4248|Cody
131|1-214-126-5826|Virginia
132|1-646-963-7872|Noah
133|1-947-769-7796|Maia
134|1-122-398-3401|Ashely
135|1-822-540-7142|Gareth
136|1-400-682-6236|Germane
137|1-383-180-6737|Lani
138|1-312-710-9604|Shelby
139|1-390-482-1011|Anjolie
140|1-867-220-1078|Cailin
141|1-186-469-9722|Dominique
142|1-253-356-9276|Stone
143|1-288-655-2683|Quintessa
144|1-328-757-9714|Phillip
145|1-157-874-3991|Brynne
146|1-385-465-6339|Blake
147|1-662-995-6960|Honorato
148|1-117-723-6069|Brenda
149|1-917-270-4985|Aileen
150|1-585-132-6008|Chaim
151|1-948-652-0196|Sandra
152|1-203-828-0940|Dane
153|1-998-885-0977|Justina
154|1-973-198-8801|Anastasia
155|1-807-545-4007|Orson
156|1-602-497-0371|Dexter
157|1-768-533-5103|Lila
158|1-976-947-1718|Deborah
159|1-753-185-0085|Margaret
160|1-461-242-3280|Veronica
161|1-547-308-9267|George
162|1-995-724-9574|Galvin
163|1-191-357-4655|Libby
164|1-311-365-9530|Kathleen
165|1-731-927-2453|Hayden
166|1-311-483-9839|Brady
167|1-562-238-2987|Yardley
168|1-350-679-9946|Jin
169|1-530-687-9455|Vivien
170|1-629-197-2314|Lawrence
171|1-615-947-8542|Stephanie
172|1-267-899-4159|Evelyn
173|1-523-761-6624|Eve
174|1-843-681-9159|Kitra
175|1-681-749-9962|Kylynn
176|1-466-164-6637|Ashton
177|1-582-198-6292|Benedict
178|1-792-321-7570|Lucas
179|1-313-218-3708|Clinton
180|1-671-947-3721|Camilla
181|1-227-619-8599|Myles
182|1-207-781-2070|Donovan
183|1-901-226-5734|Piper
184|1-117-959-2440|Lacey
185|1-368-579-9207|Levi
186|1-527-267-4345|Merritt
187|1-288-930-0342|Orlando
188|1-334-602-7859|Paki
189|1-533-489-3459|Quinn
190|1-339-627-1112|Athena
191|1-408-423-6532|MacKenzie
192|1-241-234-5882|Lev
193|1-610-336-1648|Ezra
194|1-609-889-7254|Idola
195|1-298-392-2710|Renee
196|1-738-423-4483|Darrel
197|1-309-830-8464|Mufutau
198|1-896-969-8599|Madeson
199|1-337-173-2284|Dustin
200|1-889-121-9541|Roary
201|1-427-203-9539|Stacy
202|1-815-474-6829|Aurelia
203|1-239-802-5436|Xanthus
204|1-496-632-3817|Flavia
205|1-317-636-6134|Ryder
206|1-837-860-8138|Colin
207|1-328-560-6520|Otto
208|1-839-635-5611|Len
209|1-539-917-7314|Lydia
210|1-180-840-3101|Melodie
211|1-439-738-5154|Brody
212|1-142-509-5176|Serina
213|1-945-171-2993|Hermione
214|1-131-589-6954|Oren
215|1-523-700-8617|Jorden
216|1-488-540-7165|Clarke
217|1-235-661-5878|Ezekiel
218|1-820-774-2281|Hashim
219|1-315-465-7194|Coby
220|1-605-744-9335|Wang
221|1-604-191-0140|Drake
222|1-221-586-0096|Ima
223|1-445-785-2242|Malcolm
224|1-831-902-7714|Nigel
225|1-145-220-6463|Rowan
226|1-183-836-0830|Sophia
227|1-780-767-9974|Meghan
228|1-419-885-3059|Susan
229|1-806-812-7260|Penelope
230|1-330-242-8705|Gage
231|1-855-803-4654|Nola
232|1-359-543-7014|Summer
233|1-819-535-1562|Amber
234|1-130-494-2782|Freya
235|1-734-268-6754|Marcia
236|1-515-834-5198|Reed
237|1-474-842-6260|Caesar
238|1-229-618-8155|Sophia
239|1-650-490-1067|Emi
240|1-436-837-6999|Lucian
241|1-242-934-5151|Charles
242|1-103-600-3736|Dante
243|1-846-270-6729|Tanisha
244|1-618-969-1251|Lenore
245|1-535-610-9115|Francis
246|1-652-816-4299|Maite
247|1-845-427-1166|Alexandra
248|1-886-212-1521|Illiana
249|1-919-930-1248|Donna
250|1-451-916-4016|Uma
251|1-541-824-4788|Amos
252|1-110-836-1570|Brittany
253|1-872-751-6411|Maisie
254|1-133-133-0015|Zephr
255|1-668-940-4449|Paloma
256|1-126-520-0738|Clarke
257|1-971-862-8854|Joy
258|1-582-624-2288|Daquan
259|1-306-988-6635|Colt
260|1-955-131-9903|Joel
261|1-679-511-3080|Brittany
262|1-393-735-5075|Ignatius
263|1-710-602-8412|Rhiannon
264|1-139-247-2656|Nichole
265|1-111-339-8345|Oprah
266|1-688-590-6381|Dominique
267|1-821-370-7140|Jaime
268|1-599-853-1851|Mira
269|1-609-665-5615|Cynthia
270|1-503-418-5080|Julie
271|1-602-359-2393|Joelle
272|1-638-114-3069|Lawrence
273|1-418-835-4438|Deanna
274|1-109-538-6770|Curran
275|1-163-575-1536|Derek
276|1-167-922-8088|Lyle
277|1-903-136-6384|Charles
278|1-847-700-2417|Jeremy
279|1-761-172-6728|Vanna
280|1-952-126-0904|Yvonne
281|1-708-321-9231|Eaton
282|1-324-693-1024|Curran
283|1-458-672-3502|Plato
284|1-323-981-0654|Colton
285|1-447-727-9516|Raven
286|1-685-456-3977|Barbara
287|1-735-620-1673|Gretchen
288|1-987-829-7506|Ishmael
289|1-822-175-9304|Samantha
290|1-650-883-0063|Wade
291|1-304-409-5490|Kaitlin
292|1-643-653-7230|Nash
293|1-779-732-0875|Steven
294|1-580-207-0698|Audra
295|1-170-503-2966|Giacomo
296|1-754-662-9512|Blaze
297|1-413-278-6831|Jerome
298|1-847-894-0630|Maite
299|1-934-483-2175|Mannix
300|1-865-853-9047|Sybil
301|1-812-179-7332|Ingrid
302|1-691-390-5986|Robert
303|1-875-160-7471|Simone
304|1-252-668-2810|Lucius
305|1-472-152-6310|Briar
306|1-621-465-4158|Ali
307|1-927-436-3553|Quinn
308|1-248-897-2621|Serina
309|1-882-957-4324|Perry
310|1-977-818-8240|Cally
311|1-135-655-1930|Liberty
312|1-492-896-4811|Halla
313|1-545-632-0484|Victor
314|1-743-738-9956|Leilani
315|1-902-182-9560|Yael
316|1-974-350-4284|Avye
317|1-196-399-2724|Jolene
318|1-232-319-6713|Guy
319|1-428-424-7045|Conan
320|1-836-565-4739|Brielle
321|1-763-599-2183|Nicole
322|1-856-733-4639|Colette
323|1-632-697-4214|Rina
324|1-754-177-3733|Evangeline
325|1-947-381-0668|Ryan
326|1-823-932-8928|Kaden
327|1-604-920-7699|Cynthia
328|1-628-499-0358|Chase
329|1-485-645-6028|Carson
330|1-795-576-0330|Slade
331|1-749-406-7850|Ingrid
332|1-626-952-0002|Petra
333|1-964-823-8795|Karly
334|1-822-601-4232|Rosalyn
335|1-392-983-1851|Cyrus
336|1-128-422-1310|Gavin
337|1-919-801-6009|Bianca
338|1-883-826-1933|Macey
339|1-864-927-7659|Judith
340|1-492-776-9069|Gwendolyn
341|1-888-695-9492|Kennedy
342|1-152-661-0732|Ginger
343|1-851-781-0849|Yetta
344|1-496-864-2839|Herman
345|1-634-767-6723|Coby
346|1-431-819-3471|Yael
347|1-415-430-9598|Haley
348|1-697-953-2716|Sebastian
349|1-609-905-5240|Vaughan
350|1-487-869-2805|Sierra
351|1-906-824-0203|Barrett
352|1-417-369-2803|September
353|1-273-163-6442|Honorato
354|1-641-310-6754|Kato
355|1-115-317-9299|Tatiana
356|1-681-439-7969|Gemma
357|1-703-620-5128|Lucius
358|1-401-422-2528|Julie
359|1-970-620-5362|Noelle
360|1-538-504-6214|Dominique
361|1-659-839-5354|Lilah
362|1-462-423-9002|Ali
363|1-211-284-4160|Jordan
364|1-203-165-9961|Luke
365|1-212-867-9134|Wylie
366|1-668-732-6910|Riley
367|1-854-248-0829|Ruby
368|1-145-656-9614|Desirae
369|1-907-142-3182|Elmo
370|1-876-259-6955|Emerald
371|1-402-622-3195|Jaden
372|1-534-880-2925|Kyla
373|1-472-205-3254|Mercedes
374|1-163-408-8972|Noble
375|1-334-861-2479|Farrah
376|1-543-835-5674|Emmanuel
377|1-866-211-0361|Daquan
378|1-738-756-8078|Salvador
379|1-758-431-5370|Diana
380|1-419-167-9445|Serina
381|1-184-831-7802|Fredericka
382|1-517-200-8952|Kenyon
383|1-111-730-1973|Eugenia
384|1-756-242-7917|Tatiana
385|1-150-629-6220|Lacey
386|1-261-501-2710|Octavius
387|1-351-715-5361|Lynn
388|1-514-160-8918|Kai
389|1-148-103-5761|Noah
390|1-239-343-1047|Alden
391|1-205-899-0809|Dane
392|1-516-255-8988|Lareina
393|1-502-722-0572|Isadora
394|1-767-955-1829|Keegan
395|1-730-569-6852|Jordan
396|1-950-726-6356|Marshall
397|1-365-600-5393|Joseph
398|1-806-712-7313|Neville
399|1-885-798-9514|Justina
400|1-855-798-6485|Avram
401|1-409-197-1416|Illiana
402|1-166-611-9671|Nevada
403|1-396-726-4270|Armand
404|1-157-842-2738|Ursula
405|1-593-542-2053|Tarik
406|1-355-421-5998|Ella
407|1-518-921-0224|Odette
408|1-526-360-1186|Taylor
409|1-756-151-2477|Basil
410|1-805-566-5048|Timothy
411|1-254-411-3004|Benedict
412|1-776-655-5777|Janna
413|1-328-333-3532|Aristotle
414|1-935-479-2789|Rana
415|1-339-255-9921|Suki
416|1-810-352-1895|Kirk
417|1-113-992-7405|Aladdin
418|1-734-851-8739|Mikayla
419|1-699-173-3543|Shaine
420|1-989-773-2662|Nyssa
421|1-465-461-5724|Jade
422|1-552-182-5287|Kyle
423|1-922-947-5489|Winifred
424|1-810-741-6117|Ignatius
425|1-596-684-5458|Mikayla
426|1-545-442-7777|Anastasia
427|1-765-436-5649|Zachery
428|1-504-554-2091|Bernard
429|1-220-505-6829|Geraldine
430|1-857-411-5999|Axel
431|1-164-279-3141|Hope
432|1-911-843-1637|Brady
433|1-891-246-2874|Len
434|1-913-929-0724|Harper
435|1-731-383-0308|Martina
436|1-527-605-2493|Lawrence
437|1-638-147-3616|Juliet
438|1-905-589-0442|Basil
439|1-808-106-1004|Allegra
440|1-752-452-5644|Gillian
441|1-688-786-5955|Jaime
442|1-590-494-1319|Aubrey
443|1-566-306-9579|Aladdin
444|1-388-520-2429|Garrison
445|1-744-404-1364|Myra
446|1-496-633-5988|Colby
447|1-138-914-2619|Olivia
448|1-740-130-4641|Kareem
449|1-802-947-2902|Alexander
450|1-601-460-2637|Taylor
451|1-655-981-7703|Jordan
452|1-500-455-6333|Amal
453|1-139-797-6298|Maxwell
454|1-355-840-4712|Amity
455|1-921-589-7707|Marsden
456|1-360-372-8820|Rogan
457|1-527-783-8783|Denton
458|1-149-681-1742|Damian
459|1-785-477-8352|Aaron
460|1-167-646-7826|Ocean
461|1-303-706-8689|Warren
462|1-564-638-8447|Mark
463|1-438-248-8433|Ashton
464|1-731-143-1870|Brenden
465|1-548-160-3453|Chiquita
466|1-148-938-5356|Astra
467|1-729-220-5343|Jaden
468|1-382-769-8298|Rahim
469|1-274-765-1311|Sharon
470|1-368-730-2922|Alma
471|1-534-238-8393|Timothy
472|1-729-365-6591|Matthew
473|1-447-189-6006|Laith
474|1-159-686-1240|Hilda
475|1-644-750-7580|Dominic
476|1-696-353-6771|Yoshio
477|1-406-299-6120|Jesse
478|1-651-422-8887|Gretchen
479|1-310-286-6955|Burton
480|1-315-542-0878|Geoffrey
481|1-772-422-2792|Ethan
482|1-480-265-3023|Bruno
483|1-871-740-5448|Jenna
484|1-447-809-7696|Sybill
485|1-638-819-4422|Lars
486|1-686-724-3347|Elijah
487|1-550-893-6336|Henry
488|1-549-629-2245|Hector
489|1-315-896-5978|Phyllis
490|1-769-760-7799|Octavius
491|1-801-179-6296|Macy
492|1-857-222-6459|Malcolm
493|1-357-828-5174|Murphy
494|1-251-162-7949|Wallace
495|1-894-194-7661|Hannah
496|1-931-738-4928|Hayden
497|1-653-279-9109|Colby
498|1-899-553-6693|Channing
499|1-803-890-9830|Robin
500|1-893-503-6322|Brielle
501|1-545-877-0592|Francis
502|1-604-368-1580|Britanney
503|1-702-166-4095|Wing
504|1-613-614-9732|Noelani
505|1-659-538-7603|Kirestin
506|1-154-545-0005|Drew
507|1-444-253-9670|Iris
508|1-872-870-2764|Kathleen
509|1-529-421-1060|Aurora
510|1-738-677-8914|Gregory
511|1-345-638-6212|Derek
512|1-885-813-6132|Baxter
513|1-886-821-2561|Troy
514|1-826-375-0699|Cameron
515|1-919-270-1041|May
516|1-231-602-7981|Athena
517|1-777-126-8865|Flynn
518|1-476-892-6724|Tamara
519|1-452-454-3632|Hillary
520|1-246-612-7530|Erasmus
521|1-245-150-2571|Emma
522|1-934-818-7409|Noelani
523|1-481-187-3733|Honorato
524|1-538-554-5218|Nissim
525|1-146-893-0464|Rhonda
526|1-213-587-9946|Veda
527|1-105-150-5933|Josephine
528|1-884-711-9625|Lani
529|1-551-956-6176|Mona
530|1-844-770-1234|Christen
531|1-124-891-3228|Cooper
532|1-258-991-8680|Craig
533|1-816-258-8142|Frances
534|1-566-168-6871|Keith
535|1-411-151-4071|Teegan
536|1-212-445-4115|Jamal
537|1-400-787-7091|Calvin
538|1-757-420-8216|Gregory
539|1-663-339-8416|Frances
540|1-113-926-1824|Ezra
541|1-225-770-1167|Raymond
542|1-134-430-4464|Elton
543|1-591-199-5281|Nathan
544|1-549-322-6738|Kelly
545|1-119-792-0674|Avye
546|1-795-250-5784|Dean
547|1-988-999-7893|Cara
548|1-897-921-6721|Leigh
549|1-973-930-8455|Alexandra
550|1-150-995-9436|Blythe
551|1-518-764-9384|Aubrey
552|1-428-797-8863|Nathan
553|1-670-133-5056|Carter
554|1-487-189-9796|Isaiah
555|1-192-511-6693|Savannah
556|1-253-501-3702|Ina
557|1-919-584-3457|Fulton
558|1-432-420-0524|Gage
559|1-655-868-5054|Cade
560|1-896-336-3481|Frances
561|1-567-156-0691|Cheryl
562|1-625-849-1185|Heidi
563|1-291-650-1140|Bradley
564|1-785-549-6343|Keelie
565|1-140-491-5866|Abra
566|1-121-405-7874|Kylie
567|1-368-618-3511|Otto
568|1-272-896-7450|Naomi
569|1-349-690-2768|Wesley
570|1-705-681-0007|Raya
571|1-983-801-0520|Bethany
572|1-354-628-8587|Jeremy
573|1-941-270-1697|Serena
574|1-934-873-9163|Hayden
575|1-200-261-9908|Cassandra
576|1-248-986-0451|Carlos
577|1-404-631-8105|James
578|1-413-924-4672|Eliana
579|1-302-696-3787|Leslie
580|1-670-715-1337|Barclay
581|1-901-650-1799|Jenette
582|1-980-368-7026|Sophia
583|1-765-944-9754|Cain
584|1-264-526-2409|Rahim
585|1-910-367-7836|Georgia
586|1-766-359-5199|Nina
587|1-489-941-9628|Macy
588|1-880-861-1193|Yael
589|1-146-116-6356|Brennan
590|1-745-408-9267|Katelyn
591|1-952-758-1057|Zephania
592|1-396-431-1394|Thaddeus
593|1-569-792-2611|Wayne
594|1-162-300-1172|Arden
595|1-414-200-2960|Kaseem
596|1-569-687-3464|Victor
597|1-546-546-9519|John
598|1-933-289-9330|Adria
599|1-658-651-7394|Prescott
600|1-344-486-7455|Kyle
601|1-866-854-3476|Lucy
602|1-933-388-4450|Sylvia
603|1-298-927-0765|Azalia
604|1-575-371-8783|Yuli
605|1-397-746-7180|Nasim
606|1-757-794-9577|Sophia
607|1-686-201-3223|Eagan
608|1-670-535-6738|Ainsley
609|1-878-992-2152|Peter
610|1-385-924-9166|Isaiah
611|1-634-148-7756|Allen
612|1-504-741-0944|Castor
613|1-459-351-3493|Martina
614|1-736-563-3757|Yuri
615|1-378-536-0150|Abraham
616|1-534-509-1062|Kaitlin
617|1-578-815-8435|Sierra
618|1-207-512-8543|Mari
619|1-432-405-8869|Melanie
620|1-519-248-9298|Keefe
621|1-637-109-3218|Talon
622|1-664-986-3023|Yvette
623|1-475-617-2398|Mason
624|1-289-193-0684|Quintessa
625|1-870-745-2897|Fatima
626|1-566-871-9063|Madeline
627|1-765-505-2219|Christine
628|1-242-945-2736|Plato
629|1-643-642-4023|Shay
630|1-942-964-2604|Fuller
631|1-138-117-8725|Steven
632|1-907-760-6033|Trevor
633|1-605-539-9897|Chastity
634|1-726-918-7691|Noelani
635|1-711-200-8682|Forrest
636|1-749-868-7202|Wayne
637|1-807-442-7406|Emerson
638|1-757-912-0322|Ira
639|1-832-966-4243|Cody
640|1-764-726-3376|Cody
641|1-222-435-2109|Adrienne
642|1-620-808-2624|Emerson
643|1-846-318-9300|Signe
644|1-540-138-1311|Allegra
645|1-172-853-2098|Armand
646|1-167-220-9055|Quail
647|1-726-176-0320|Andrew
648|1-167-119-0117|Amena
649|1-180-937-9212|Colby
650|1-597-743-4821|Roth
651|1-384-425-2863|Chelsea
652|1-885-113-9315|Rafael
653|1-486-814-0671|Belle
654|1-270-835-4384|Eugenia
655|1-541-685-0713|Daquan
656|1-241-807-4679|Galena
657|1-760-903-0168|Calvin
658|1-326-806-1598|Finn
659|1-537-619-4572|Dorian
660|1-973-894-3146|Giacomo
661|1-865-472-4366|Kirsten
662|1-935-409-2057|Calista
663|1-959-661-7229|Maya
664|1-772-432-0173|Irma
665|1-896-396-9076|Desirae
666|1-642-769-7934|Charles
667|1-836-234-6466|Raymond
668|1-378-642-8885|Denise
669|1-412-284-3238|Arthur
670|1-799-153-0787|Aladdin
671|1-545-192-4467|Denise
672|1-620-605-8222|Mara
673|1-802-462-7268|Claire
674|1-120-105-7149|Hannah
675|1-236-660-0436|Pearl
676|1-120-252-5730|Brianna
677|1-139-563-9015|Laura
678|1-401-247-0084|Breanna
679|1-517-258-1489|Yetta
680|1-210-916-9613|Nevada
681|1-822-164-6942|Jasper
682|1-372-773-4201|Dante
683|1-872-581-6314|Dana
684|1-375-439-1084|Quynn
685|1-398-313-0639|Clare
686|1-885-809-3666|Quin
687|1-888-423-9246|Oliver
688|1-574-754-3966|Astra
689|1-970-933-9041|Jacob
690|1-430-702-9190|Bethany
691|1-319-691-7318|Lester
692|1-805-891-4814|Renee
693|1-764-169-9689|Dane
694|1-117-350-6824|Christen
695|1-836-516-6307|Darius
696|1-587-537-9309|Sybil
697|1-383-239-7568|Leroy
698|1-601-383-3983|Kuame
699|1-256-191-2419|Eaton
700|1-109-684-9363|Lydia
701|1-142-112-4794|Ingrid
702|1-916-252-4792|Chaim
703|1-495-594-0693|Caldwell
704|1-199-489-7069|Basil
705|1-716-972-8544|Stephen
706|1-452-906-5872|Alexander
707|1-236-287-1043|Allegra
708|1-613-111-6157|Zahir
709|1-321-554-1123|Aline
710|1-212-241-7026|Gavin
711|1-362-200-2506|Gary
712|1-987-761-4679|Brenda
713|1-537-410-9038|Upton
714|1-820-391-4070|Tallulah
715|1-525-916-5623|Oleg
716|1-448-621-2829|Ramona
717|1-310-246-1563|Philip
718|1-822-951-6972|Lee
719|1-825-512-8600|Zachery
720|1-113-467-0412|Gail
721|1-118-950-8453|Inga
722|1-633-766-8877|Branden
723|1-383-871-8719|Camilla
724|1-925-766-4084|Lewis
725|1-798-214-2262|Zorita
726|1-576-873-4840|Lacota
727|1-153-134-8224|Fuller
728|1-623-643-2040|Jaime
729|1-144-603-7109|Ulla
730|1-569-120-3367|Tyrone
731|1-228-212-3330|Branden
732|1-464-954-8673|Molly
733|1-499-723-0988|Honorato
734|1-616-924-6570|Griffin
735|1-725-153-9362|Harper
736|1-318-406-4115|Geraldine
737|1-777-857-6507|Fleur
738|1-112-904-7908|Ocean
739|1-100-359-1969|Illana
740|1-852-268-8239|Gail
741|1-484-493-8743|Kelly
742|1-245-971-4698|Urielle
743|1-474-110-1786|Maryam
744|1-359-862-3571|Byron
745|1-508-819-5423|Reuben
746|1-124-699-5983|Emery
747|1-240-698-0004|Kitra
748|1-591-691-3374|Quon
749|1-845-424-6829|Sebastian
750|1-350-762-3702|Imelda
751|1-221-185-6928|Xander
752|1-481-569-6991|McKenzie
753|1-405-481-5121|Fletcher
754|1-822-274-9181|Rana
755|1-705-314-2849|Rachel
756|1-859-510-4208|Jamalia
757|1-236-944-4940|Tasha
758|1-760-145-3357|Gage
759|1-278-860-0108|Jaden
760|1-693-533-5237|Lucy
761|1-716-602-8771|Lucy
762|1-382-556-6941|Halee
763|1-801-382-9989|Cassady
764|1-371-472-9845|Kiona
765|1-552-178-2591|Honorato
766|1-394-715-9737|Donovan
767|1-464-281-2589|Austin
768|1-609-950-4211|Garrett
769|1-948-304-3543|Ashton
770|1-153-350-1610|Amal
771|1-608-754-1137|Sigourney
772|1-705-956-7658|Nash
773|1-152-996-5796|Alvin
774|1-749-329-2336|Lacey
775|1-405-443-1606|Marah
776|1-881-910-0492|Susan
777|1-940-137-6827|Malcolm
778|1-774-628-5561|Naida
779|1-466-908-7378|Mercedes
780|1-746-219-7335|Brian
781|1-672-249-3649|Inga
782|1-404-241-7225|Jerome
783|1-357-381-2353|Finn
784|1-387-191-1270|Ulla
785|1-407-662-0086|Vivien
786|1-589-341-5458|Camden
787|1-874-895-5217|Britanni
788|1-805-916-5303|Brielle
789|1-306-476-5013|Herrod
790|1-440-580-6794|Larissa
791|1-791-567-0004|Elmo
792|1-699-348-1250|Fletcher
793|1-686-823-1566|Ezekiel
794|1-350-613-3813|Colleen
795|1-315-571-6511|Melvin
796|1-740-968-6442|Drew
797|1-943-573-6826|Chandler
798|1-408-610-0226|Aline
799|1-203-375-2579|Jin
800|1-893-968-5942|Tatiana
801|1-533-960-1517|Dahlia
802|1-946-296-1613|Ocean
803|1-656-194-4310|Lee
804|1-559-355-9832|Rafael
805|1-210-853-5675|Kane
806|1-271-326-7982|Kay
807|1-678-783-8619|Uma
808|1-350-973-3442|Nyssa
809|1-530-212-1501|Amery
810|1-808-749-4862|Lamar
811|1-649-475-0367|Quyn
812|1-884-104-3922|Nash
813|1-408-931-2562|Tamekah
814|1-480-626-0491|Aidan
815|1-118-412-5912|Aretha
816|1-395-713-6173|Theodore
817|1-299-822-5660|Micah
818|1-491-505-5408|Mechelle
819|1-329-669-6455|Graham
820|1-632-488-7813|Melinda
821|1-514-709-6272|Leigh
822|1-640-203-9647|Shana
823|1-877-838-4836|Griffin
824|1-686-679-0671|Jocelyn
825|1-534-957-4452|Simon
826|1-502-725-4289|Charity
827|1-670-917-6362|Camden
828|1-309-631-4815|Tarik
829|1-663-774-3225|Maxwell
830|1-742-663-5030|Valentine
831|1-316-821-3084|Cameron
832|1-967-574-6567|Christine
833|1-476-231-2587|Keith
834|1-121-993-6205|Lavinia
835|1-597-136-8786|Zeph
836|1-187-432-5867|Andrew
837|1-502-706-1526|Simon
838|1-187-358-4116|Adrienne
839|1-254-521-1133|Summer
840|1-478-620-4702|Tanek
841|1-935-756-6597|Odysseus
842|1-372-618-8005|Karyn
843|1-584-460-2963|Vaughan
844|1-991-435-4651|Kalia
845|1-867-550-8604|Yasir
846|1-211-525-6433|Xenos
847|1-277-498-3457|Penelope
848|1-158-259-1989|Anastasia
849|1-953-479-2965|Piper
850|1-881-844-4833|Simon
851|1-961-944-4546|Chiquita
852|1-420-740-6796|Sebastian
853|1-797-394-1934|Devin
854|1-135-120-4084|Wade
855|1-371-341-4668|Signe
856|1-865-289-3544|Flavia
857|1-350-662-6379|Phyllis
858|1-802-675-3551|Yoshio
859|1-737-265-5135|Jermaine
860|1-632-738-8566|Blaine
861|1-719-919-0920|Mercedes
862|1-636-603-1780|Simone
863|1-339-580-5215|Whitney
864|1-799-319-5033|Pamela
865|1-826-192-1556|Clayton
866|1-772-454-4045|Ralph
867|1-788-990-1966|Alexis
868|1-477-877-9265|Nayda
869|1-658-478-2596|Quemby
870|1-783-111-9022|Kylee
871|1-476-330-1610|Penelope
872|1-671-660-8341|Derek
873|1-298-246-1317|Kamal
874|1-173-513-2944|Pamela
875|1-458-306-4672|Iona
876|1-784-714-5243|Piper
877|1-159-312-8159|Iola
878|1-240-145-0919|Gwendolyn
879|1-983-103-1242|Jakeem
880|1-928-147-1407|Justin
881|1-200-264-6659|Dean
882|1-755-224-8289|Zelenia
883|1-515-899-1805|Wanda
884|1-119-716-3833|Laurel
885|1-690-267-8239|Amanda
886|1-945-522-9125|Leo
887|1-869-619-9794|Selma
888|1-963-856-0277|Brendan
889|1-979-968-0669|Hayes
890|1-439-448-8706|Anjolie
891|1-141-102-2065|Fitzgerald
892|1-879-156-4427|Joan
893|1-424-370-6682|Jasper
894|1-189-480-0566|MacKenzie
895|1-587-958-6961|Wang
896|1-308-381-8939|Todd
897|1-185-946-4714|Dale
898|1-167-625-7959|Grady
899|1-228-314-3340|Griffin
900|1-803-560-4087|Mercedes
901|1-369-359-3801|Chiquita
902|1-839-600-3925|Fletcher
903|1-162-857-3061|Dillon
904|1-831-295-6736|Malachi
905|1-696-329-5177|Vernon
906|1-844-734-8686|Lillith
907|1-823-811-0691|Lacey
908|1-364-723-3778|Brian
909|1-675-554-7025|Armando
910|1-494-997-9367|Chancellor
911|1-385-714-5220|Mariam
912|1-510-683-6933|Teagan
913|1-962-813-5432|Isabella
914|1-757-159-4227|Perry
915|1-373-179-2096|Carissa
916|1-217-319-5787|Bernard
917|1-872-108-8730|Dexter
918|1-494-740-8913|Candice
919|1-934-198-9872|Serena
920|1-677-161-6466|Athena
921|1-854-313-7329|Imani
922|1-882-657-8624|Carson
923|1-925-190-6971|Basia
924|1-281-540-0662|Cole
925|1-666-863-8821|Anne
926|1-139-650-5666|Dorothy
927|1-369-895-1953|Jane
928|1-833-792-1213|Irene
929|1-903-697-0253|Kato
930|1-627-509-7904|Harlan
931|1-906-345-3193|Slade
932|1-325-618-4876|Fiona
933|1-397-803-8237|Adrienne
934|1-353-378-6562|Valentine
935|1-560-236-4154|Emerald
936|1-280-436-7577|Preston
937|1-478-619-9656|Phelan
938|1-856-820-6354|Karina
939|1-371-514-6212|Deirdre
940|1-433-592-4641|Clarke
941|1-338-855-5909|Marny
942|1-383-700-6473|Ray
943|1-105-761-1721|Finn
944|1-671-705-1521|Nasim
945|1-292-999-5061|Tad
946|1-261-456-2451|Brian
947|1-294-238-2392|Alec
948|1-482-683-8788|Herrod
949|1-406-533-7682|Rooney
950|1-979-936-2985|Casey
951|1-141-576-7775|Baker
952|1-490-702-5955|Quail
953|1-795-414-0973|Hayden
954|1-404-294-0827|Tarik
955|1-782-665-7684|Wylie
956|1-376-520-4359|Theodore
957|1-537-648-8585|Wylie
958|1-723-896-6222|Barbara
959|1-171-623-7191|Yael
960|1-864-473-1796|Kimberley
961|1-719-496-7458|Idola
962|1-880-401-4246|Galvin
963|1-718-330-0811|Logan
964|1-925-194-9571|Kibo
965|1-626-222-4393|Keaton
966|1-483-411-4125|Elliott
967|1-177-215-9405|Nathan
968|1-435-255-7341|Mercedes
969|1-859-453-0274|Thaddeus
970|1-167-340-0395|Ferris
971|1-255-365-4310|Blair
972|1-995-830-2843|Prescott
973|1-598-374-3516|Athena
974|1-743-510-8587|Octavius
975|1-547-867-2109|Mohammad
976|1-367-868-6424|Linus
977|1-671-808-2404|Reuben
978|1-297-183-2881|Gray
979|1-686-941-8310|Beatrice
980|1-472-248-7621|Evan
981|1-876-768-9489|Keane
982|1-367-210-4901|Kessie
983|1-239-858-9504|Leigh
984|1-460-431-6588|Cassandra
985|1-398-937-4991|Cooper
986|1-500-251-1118|Cameron
987|1-917-989-5553|Jonah
988|1-726-921-5196|Eve
989|1-856-555-0377|Daryl
990|1-798-999-9343|Aladdin
991|1-464-448-9550|Ciara
992|1-688-531-6493|Alika
993|1-844-376-8451|Ursula
994|1-219-800-9704|Declan
995|1-709-264-0371|Ralph
996|1-619-870-2248|Yeo
997|1-120-240-4158|Chantale
998|1-925-172-1047|Otto
999|1-344-837-5317|Willa
1000|1-317-515-3959|Demetria
1001|1-803-829-7631|Hillary
1002|1-526-957-0527|Kathleen
1003|1-673-260-6965|Amery
1004|1-656-141-8179|Micah
1005|1-298-809-0851|Samson
1006|1-903-243-8952|Iola
1007|1-147-113-8972|Xenos
1008|1-189-640-1462|Keane
1009|1-795-262-7308|Sean
1010|1-851-971-0238|Phillip
1011|1-779-347-9583|Lana
1012|1-457-622-7411|Cameron
1013|1-374-337-9782|Helen
1014|1-872-379-9127|Nathaniel
1015|1-890-897-4796|Beck
1016|1-584-952-2381|Serena
1017|1-229-944-9875|Orlando
1018|1-336-897-8599|Mason
1019|1-917-618-5754|Winifred
1020|1-155-998-4980|Ciara
1021|1-948-144-1989|Deanna
1022|1-436-600-3625|Lyle
1023|1-231-778-7086|Teegan
1024|1-614-486-0899|Rhea
1025|1-975-570-5573|Maisie
1026|1-769-191-6301|Mari
1027|1-967-984-5830|Orlando
1028|1-659-681-1809|Hanna
1029|1-160-110-6624|Nomlanga
1030|1-908-204-1253|Jemima
1031|1-387-400-8795|Colin
1032|1-223-975-3858|Keegan
1033|1-424-984-9059|TaShya
1034|1-388-240-0135|Rinah
1035|1-842-668-1340|Len
1036|1-222-334-2589|Jin
1037|1-594-887-1971|Cora
1038|1-264-960-3363|Phillip
1039|1-381-394-1125|Lael
1040|1-134-820-1125|Keaton
1041|1-398-807-0414|Marvin
1042|1-687-323-8786|Leo
1043|1-183-770-3680|Quail
1044|1-790-294-0107|Tad
1045|1-518-164-1605|Hoyt
1046|1-765-757-9505|Tucker
1047|1-651-598-6630|Joseph
1048|1-565-901-1563|Jaquelyn
1049|1-557-185-4526|Karen
1050|1-733-884-8019|Kaseem
1051|1-254-409-9138|Tatyana
1052|1-685-944-2490|Berk
1053|1-312-476-6419|Melyssa
1054|1-958-778-1216|Dexter
1055|1-257-379-6109|Keith
1056|1-300-739-7083|Debra
1057|1-913-393-6762|Allegra
1058|1-510-235-2281|Raja
1059|1-896-960-4678|Darryl
1060|1-702-743-1362|Orli
1061|1-180-936-5771|Mufutau
1062|1-678-516-2681|Mason
1063|1-726-195-8473|Hop
1064|1-366-683-5826|Lacey
1065|1-563-244-5822|Ayanna
1066|1-900-670-8968|Evan
1067|1-850-197-1840|Caldwell
1068|1-739-246-3018|Camden
1069|1-630-405-2365|Louis
1070|1-194-730-8651|Cain
1071|1-293-480-8055|Kylan
1072|1-491-353-1717|Vernon
1073|1-951-891-3126|Ralph
1074|1-407-752-7982|Julian
1075|1-721-106-8529|Kylan
1076|1-362-837-8339|Lunea
1077|1-747-762-4188|Eugenia
1078|1-162-690-3490|Jonas
1079|1-878-391-5588|Elizabeth
1080|1-968-634-0598|Evan
1081|1-648-199-3797|Jamalia
1082|1-805-779-0130|Elmo
1083|1-205-642-8592|Kelsey
1084|1-677-900-8472|Dai
1085|1-984-195-4481|Nathaniel
1086|1-795-166-9918|Philip
1087|1-639-216-6939|Pandora
1088|1-649-817-8388|Troy
1089|1-127-664-5697|Sophia
1090|1-933-509-7092|Mariko
1091|1-170-963-8448|Irma
1092|1-182-520-9489|Fuller
1093|1-672-892-2007|Reagan
1094|1-335-392-1314|Charissa
1095|1-893-620-6382|Isadora
1096|1-593-297-1706|Kirsten
1097|1-587-659-8614|Craig
1098|1-417-940-8515|Blake
1099|1-501-872-9777|Otto
1100|1-506-543-8980|Jayme
1101|1-868-834-1078|Cameron
1102|1-300-492-3659|Neville
1103|1-316-702-5394|Jelani
1104|1-662-151-9257|Avye
1105|1-631-198-8530|Aimee
1106|1-851-950-7679|Illiana
1107|1-460-596-2691|Imani
1108|1-918-780-5016|Keane
1109|1-711-715-8842|Remedios
1110|1-677-864-0704|Maia
1111|1-629-280-2635|Velma
1112|1-389-685-1800|Xavier
1113|1-872-519-9329|Louis
1114|1-915-701-9925|Jason
1115|1-208-334-8306|Leilani
1116|1-633-733-5158|Iris
1117|1-538-240-8856|Ulla
1118|1-752-889-7329|Ali
1119|1-204-144-7712|Howard
1120|1-664-213-9452|Kay
1121|1-419-295-5299|Camille
1122|1-231-439-8232|Jana
1123|1-201-284-2467|Garth
1124|1-592-137-1288|Halla
1125|1-286-299-9796|Fletcher
1126|1-523-398-6014|Jin
1127|1-721-708-2077|Morgan
1128|1-386-539-8178|Daquan
1129|1-607-523-0267|Adele
1130|1-331-695-0217|Kelsey
1131|1-547-219-4396|Casey
1132|1-678-224-7052|Graiden
1133|1-495-364-0131|Inez
1134|1-426-729-3070|Tanek
1135|1-645-352-8714|Aline
1136|1-835-251-1661|Ciaran
1137|1-213-986-5892|Ifeoma
1138|1-853-228-0803|Wyatt
1139|1-592-669-1492|Kylee
1140|1-100-472-2787|Xander
1141|1-956-836-8619|Halee
1142|1-837-588-5407|Claudia
1143|1-956-399-2202|Lysandra
1144|1-458-130-3247|Alice
1145|1-844-425-5427|Carlos
1146|1-895-130-1310|Yael
1147|1-156-662-9511|Karyn
1148|1-111-417-8798|Ronan
1149|1-723-345-0608|Ciaran
1150|1-763-465-9476|Simon
1151|1-323-778-5867|Indigo
1152|1-260-997-4422|Ahmed
1153|1-795-274-3712|Madeson
1154|1-813-767-6801|Yetta
1155|1-219-755-4530|Honorato
1156|1-182-714-5940|Deborah
1157|1-670-460-4981|Hamilton
1158|1-921-602-0951|Keaton
1159|1-536-500-5129|Evelyn
1160|1-203-355-2271|Hanae
1161|1-572-341-6997|TaShya
1162|1-552-212-2341|Jonas
1163|1-624-594-3188|Raven
1164|1-623-375-2908|Aaron
1165|1-500-573-5224|Eagan
1166|1-634-481-1031|Lynn
1167|1-339-865-6810|Zahir
1168|1-769-221-1878|Cheryl
1169|1-661-232-3233|Price
1170|1-762-234-9576|Veda
1171|1-222-622-1290|Lenore
1172|1-404-235-2323|Henry
1173|1-558-434-2050|Vivien
1174|1-372-813-3127|Mark
1175|1-952-551-6998|Cheryl
1176|1-730-353-8796|Matthew
1177|1-232-447-5382|Emmanuel
1178|1-554-396-5723|Ray
1179|1-863-557-6597|Kuame
1180|1-866-102-9809|Willa
1181|1-796-500-5440|Damon
1182|1-132-359-0089|Ulysses
1183|1-950-408-5435|Elaine
1184|1-548-326-0221|Wade
1185|1-674-330-4577|Kylie
1186|1-741-663-7982|Minerva
1187|1-696-633-8815|Lucius
1188|1-649-861-7171|Ashton
1189|1-751-337-2378|Lyle
1190|1-921-598-7713|Malcolm
1191|1-420-418-7029|Jael
1192|1-829-101-0790|Justin
1193|1-742-888-1761|Kaden
1194|1-930-697-4058|Jeremy
1195|1-374-777-3305|Kelsie
1196|1-593-250-3713|Brielle
1197|1-692-407-8377|Duncan
1198|1-650-564-3370|Karyn
1199|1-721-642-5664|Irma
1200|1-336-910-8677|Rajah
1201|1-392-998-0562|Oscar
1202|1-641-255-9157|Ann
1203|1-561-788-5131|Gloria
1204|1-372-648-2170|Edan
1205|1-739-320-7940|Martena
1206|1-317-640-0655|Indigo
1207|1-645-566-0581|Aurelia
1208|1-283-273-5970|Orli
1209|1-897-212-0515|Paula
1210|1-351-802-4588|Elaine
1211|1-861-430-1953|Allen
1212|1-231-338-1674|Gregory
1213|1-134-529-3796|Calvin
1214|1-343-556-5189|Rooney
1215|1-916-722-5867|Quinn
1216|1-267-337-7071|Bianca
1217|1-615-113-8341|Mari
1218|1-769-626-4130|Robin
1219|1-717-106-7181|Xander
1220|1-189-172-5816|Kathleen
1221|1-185-870-1394|Francis
1222|1-567-971-8536|Mechelle
1223|1-127-250-8342|Scarlett
1224|1-935-494-2389|Vivian
1225|1-739-110-4896|Jasper
1226|1-340-650-4757|Darryl
1227|1-591-171-9643|Nadine
1228|1-491-695-3813|Sopoline
1229|1-824-834-1136|Hamish
1230|1-894-854-1966|Dominic
1231|1-669-529-0467|Griffin
1232|1-105-629-8844|Daquan
1233|1-305-701-6833|Upton
1234|1-137-743-5513|Evangeline
1235|1-156-237-8763|Ashton
1236|1-233-484-4947|Jamal
1237|1-197-578-5258|Omar
1238|1-297-140-3310|Yuri
1239|1-387-825-4956|Aubrey
1240|1-620-886-1256|Ila
1241|1-328-476-1211|Yoko
1242|1-845-862-8419|Tyrone
1243|1-524-396-6309|Micah
1244|1-343-308-9564|Addison
1245|1-512-611-9491|Doris
1246|1-441-288-4952|Octavius
1247|1-525-288-4353|Hamish
1248|1-323-360-0348|Keane
1249|1-395-773-8347|Emmanuel
1250|1-252-384-0595|Faith
1251|1-245-318-6609|Felix
1252|1-754-268-6401|Malachi
1253|1-367-321-7612|Myra
1254|1-504-319-3457|Olivia
1255|1-329-876-7087|Gay
1256|1-859-804-0185|Ezekiel
1257|1-290-977-3983|Craig
1258|1-185-495-7321|Kim
1259|1-548-810-0315|Wanda
1260|1-670-990-6206|Hayley
1261|1-308-220-0132|Emma
1262|1-792-426-5936|Upton
1263|1-318-922-1955|Celeste
1264|1-680-579-3304|Alexis
1265|1-275-862-8292|Sheila
1266|1-255-166-1366|Lisandra
1267|1-571-706-6319|Clio
1268|1-928-342-9765|Nolan
1269|1-655-350-8225|Gannon
1270|1-194-584-9692|Marvin
1271|1-731-600-1544|Beau
1272|1-831-173-8924|Emerson
1273|1-329-324-7609|Sopoline
1274|1-679-341-6655|Britanney
1275|1-274-994-3278|Zia
1276|1-275-300-8223|Whoopi
1277|1-721-598-8297|Russell
1278|1-733-876-7312|Basia
1279|1-820-686-5536|Walker
1280|1-984-403-3274|Andrew
1281|1-416-773-6469|Murphy
1282|1-934-562-6514|Ann
1283|1-360-909-9243|Cole
1284|1-839-573-6505|Armand
1285|1-410-419-4847|Amir
1286|1-425-969-8434|Rajah
1287|1-280-714-7704|Kirsten
1288|1-876-696-5291|Mira
1289|1-222-760-8955|Armand
1290|1-856-511-8381|Berk
1291|1-322-592-3169|Jada
1292|1-868-184-0023|Odysseus
1293|1-288-896-0622|Tyrone
1294|1-717-158-8025|Nelle
1295|1-115-483-9342|Jacqueline
1296|1-858-349-7124|Nevada
1297|1-938-525-4631|Keiko
1298|1-474-757-3962|Iona
1299|1-554-895-8097|Rama
1300|1-989-203-5445|Alexis
1301|1-707-584-4871|Rogan
1302|1-739-824-4341|Devin
1303|1-266-346-9225|Mechelle
1304|1-863-240-1139|Zia
1305|1-624-341-5619|Athena
1306|1-303-910-5304|Bo
1307|1-672-308-5482|Paloma
1308|1-166-137-3601|Nathaniel
1309|1-993-741-0600|Patience
1310|1-904-567-9421|Vaughan
1311|1-642-920-1830|Olympia
1312|1-463-929-0928|Kieran
1313|1-628-233-1042|James
1314|1-488-702-8075|Grant
1315|1-875-316-4541|Gavin
1316|1-841-191-5533|Bernard
1317|1-391-549-5908|Ira
1318|1-220-531-6314|Julie
1319|1-173-113-9022|Clark
1320|1-614-642-7954|Gretchen
1321|1-992-452-4954|Austin
1322|1-998-498-7540|Brian
1323|1-440-724-9021|Igor
1324|1-311-745-0996|Kaye
1325|1-372-974-0422|Helen
1326|1-561-265-3295|Gillian
1327|1-181-699-2925|Malcolm
1328|1-763-373-1808|Skyler
1329|1-119-718-0971|Theodore
1330|1-978-362-5756|Alexa
1331|1-217-958-4523|Lisandra
1332|1-474-210-8176|Tucker
1333|1-491-695-5938|Demetria
1334|1-151-357-6847|Emma
1335|1-902-993-7073|Stone
1336|1-156-904-8482|Cassady
1337|1-373-485-2308|Blair
1338|1-525-549-6725|Kalia
1339|1-571-443-7050|Ursula
1340|1-686-575-4942|Kylynn
1341|1-218-555-9694|Vivien
1342|1-555-931-2206|Neil
1343|1-485-850-9298|Basia
1344|1-756-294-2742|Heather
1345|1-963-221-3312|Sage
1346|1-455-224-8730|Rajah
1347|1-649-242-3168|Martha
1348|1-933-633-8088|Hashim
1349|1-489-453-7575|Kareem
1350|1-784-697-1280|Fuller
1351|1-758-559-4493|Anika
1352|1-955-624-6927|Abbot
1353|1-916-831-9122|Janna
1354|1-578-995-3073|Tanisha
1355|1-503-574-4018|Xyla
1356|1-264-177-1406|Gay
1357|1-181-417-5089|Georgia
1358|1-537-326-6271|Louis
1359|1-322-590-5582|Stella
1360|1-994-920-4687|Mikayla
1361|1-556-713-0099|Ashely
1362|1-478-791-9870|Stone
1363|1-760-727-6710|Kirby
1364|1-993-226-4850|Chadwick
1365|1-612-619-4926|Nathaniel
1366|1-298-779-4486|Fritz
1367|1-560-864-2477|Kirsten
1368|1-155-379-3234|Cassidy
1369|1-793-577-2571|Erin
1370|1-297-973-7658|Teegan
1371|1-684-358-8206|Caesar
1372|1-185-562-2819|Bernard
1373|1-762-470-9481|Brandon
1374|1-635-544-6955|Hector
1375|1-354-494-5884|Amaya
1376|1-411-445-4041|Donna
1377|1-837-679-7453|Lacey
1378|1-548-680-6191|Cruz
1379|1-961-692-8886|Maia
1380|1-979-174-8853|Keelie
1381|1-550-316-4100|Jerome
1382|1-267-420-2390|Yardley
1383|1-134-146-6870|Lev
1384|1-929-153-3080|Cora
1385|1-759-769-9927|Ezekiel
1386|1-495-271-8477|Riley
1387|1-365-169-2499|Beau
1388|1-488-166-6079|Unity
1389|1-284-637-1461|Kai
1390|1-642-420-9272|Sydney
1391|1-943-374-0953|Tiger
1392|1-452-263-7208|Barry
1393|1-850-561-7405|Guinevere
1394|1-145-964-7653|Ulla
1395|1-422-712-2880|Reagan
1396|1-619-772-3989|Holly
1397|1-559-530-6618|Kuame
1398|1-624-792-6628|Dana
1399|1-613-190-4546|Illiana
1400|1-565-921-8059|Lev
1401|1-239-435-9976|Evan
1402|1-487-468-2972|Vladimir
1403|1-358-346-3126|Ciaran
1404|1-118-307-1131|Ray
1405|1-586-980-7764|Emma
1406|1-276-787-9042|Ivory
1407|1-156-811-7948|Dalton
1408|1-631-522-3187|Trevor
1409|1-379-782-3404|Neve
1410|1-249-826-1075|Hilel
1411|1-746-779-2846|Constance
1412|1-829-949-8751|Dale
1413|1-231-925-6362|Martha
1414|1-276-958-4161|Stacey
1415|1-409-841-0645|Kennan
1416|1-128-866-8469|Oren
1417|1-848-478-7415|Merrill
1418|1-842-136-0699|Athena
1419|1-151-136-6403|Davis
1420|1-759-648-8217|Isabella
1421|1-741-855-3068|Kaye
1422|1-371-469-9512|Drew
1423|1-745-311-1515|Cain
1424|1-725-754-6125|Scarlet
1425|1-889-543-8159|Keane
1426|1-533-300-7066|Hasad
1427|1-930-879-5162|Willa
1428|1-445-101-9021|Uma
1429|1-771-787-6789|Keefe
1430|1-765-285-1756|Phelan
1431|1-988-317-1254|Alfreda
1432|1-903-597-3780|Drew
1433|1-721-786-8215|Xanthus
1434|1-698-232-5865|Medge
1435|1-196-737-3903|Ila
1436|1-159-587-2534|Castor
1437|1-167-554-3410|Zelenia
1438|1-750-635-7584|Reagan
1439|1-459-589-0790|Kaye
1440|1-854-650-0723|Steel
1441|1-697-718-5521|Ian
1442|1-800-263-3287|Akeem
1443|1-862-522-5012|Savannah
1444|1-337-102-6874|Victor
1445|1-155-597-0060|Macon
1446|1-224-101-9288|Dane
1447|1-956-864-7633|Charles
1448|1-406-805-3212|Calista
1449|1-466-375-3122|Mari
1450|1-722-952-8004|Hannah
1451|1-900-596-4414|Kimberley
1452|1-841-307-8474|Hilary
1453|1-156-759-5239|Isadora
1454|1-806-562-4827|Philip
1455|1-466-188-7569|Felicia
1456|1-671-638-3811|Miranda
1457|1-934-122-8707|Vincent
1458|1-485-763-3049|Cameran
1459|1-445-801-5938|Kiayada
1460|1-425-668-7231|Amena
1461|1-229-393-1044|Addison
1462|1-914-747-5709|Nicole
1463|1-224-130-3293|Zephr
1464|1-586-421-6875|Dominique
1465|1-256-186-7238|Ian
1466|1-973-209-3575|Madaline
1467|1-455-436-9103|Ulla
1468|1-671-748-3865|Myra
1469|1-218-769-7721|Sarah
1470|1-499-123-7538|Angelica
1471|1-488-504-5390|Jessica
1472|1-448-839-4473|Karina
1473|1-388-580-1743|Athena
1474|1-706-981-2874|Lucas
1475|1-453-392-7090|Ulric
1476|1-869-397-3767|Melinda
1477|1-157-517-8856|Barbara
1478|1-673-620-1073|Brenna
1479|1-308-199-1173|Miranda
1480|1-367-732-5458|Leroy
1481|1-504-859-7665|Echo
1482|1-498-539-4601|Alyssa
1483|1-561-703-6419|Clayton
1484|1-856-799-7588|Marah
1485|1-492-253-5754|Galena
1486|1-668-842-4901|Faith
1487|1-178-865-3628|Kaden
1488|1-904-609-9846|Camden
1489|1-221-754-9488|Bevis
1490|1-847-677-3133|Nero
1491|1-396-242-7335|Ulric
1492|1-398-902-3492|Marvin
1493|1-470-406-8792|Brooke
1494|1-527-489-9868|Aidan
1495|1-721-531-0257|Clare
1496|1-763-469-7711|Eagan
1497|1-294-842-7902|Hayden
1498|1-670-872-2907|Caryn
1499|1-702-656-4496|Imani
1500|1-342-678-2800|Hamish
1501|1-558-171-0842|Inga
1502|1-913-411-2932|Jada
1503|1-557-228-6284|Britanni
1504|1-878-602-4953|Kibo
1505|1-506-955-0115|Marvin
1506|1-864-927-2292|Jenna
1507|1-392-251-9442|Sonya
1508|1-408-136-2534|Jessamine
1509|1-536-468-4538|Acton
1510|1-206-917-1288|Gannon
1511|1-359-750-8599|Preston
1512|1-814-176-4231|Mikayla
1513|1-758-288-0966|Karen
1514|1-374-452-8864|Oscar
1515|1-895-620-4865|Uriel
1516|1-945-463-6602|Abdul
1517|1-224-454-4343|Azalia
1518|1-988-169-4601|Caryn
1519|1-771-451-6637|Fitzgerald
1520|1-924-873-9763|Freya
1521|1-890-753-7827|Edan
1522|1-474-489-8635|Camille
1523|1-671-258-8128|Omar
1524|1-183-223-6332|Cole
1525|1-707-842-5779|Natalie
1526|1-577-284-7084|Yetta
1527|1-635-883-2006|Serena
1528|1-941-868-1457|Lucy
1529|1-436-863-6978|Aspen
1530|1-574-395-4950|Kennedy
1531|1-928-714-5854|Thor
1532|1-563-652-3255|Larissa
1533|1-707-571-3445|Mechelle
1534|1-494-459-7059|Brian
1535|1-197-133-8097|Wayne
1536|1-185-770-6683|Kyla
1537|1-763-115-6427|Herman
1538|1-850-407-9832|Quynn
1539|1-870-666-1357|Oliver
1540|1-715-872-1533|Aline
1541|1-394-533-8753|Murphy
1542|1-323-621-2352|Teegan
1543|1-642-758-9514|Chaim
1544|1-322-477-3305|Kendall
1545|1-831-960-4039|Cheyenne
1546|1-738-560-6933|Jerry
1547|1-780-268-1866|Mason
1548|1-348-926-4886|Abel
1549|1-157-449-8355|Wendy
1550|1-327-502-4466|Amethyst
1551|1-644-969-2583|Ima
1552|1-980-986-4812|Zeph
1553|1-621-736-7167|Malcolm
1554|1-455-717-1477|Kenneth
1555|1-763-309-8794|Len
1556|1-672-872-7988|Abel
1557|1-777-116-0380|Ralph
1558|1-551-886-1174|Jerry
1559|1-642-221-4786|Candice
1560|1-125-525-6902|Octavius
1561|1-194-751-7805|Zoe
1562|1-329-557-7222|Jesse
1563|1-590-662-7352|Jessamine
1564|1-654-122-6382|Kristen
1565|1-190-916-8805|Gretchen
1566|1-500-153-8102|Kaseem
1567|1-517-323-5790|Eagan
1568|1-908-634-7242|Virginia
1569|1-566-740-4526|Eric
1570|1-785-776-9714|Erich
1571|1-851-977-4349|Patrick
1572|1-109-356-6007|Walker
1573|1-414-520-5459|Lillith
1574|1-804-694-5153|Jasmine
1575|1-934-482-2157|Rajah
1576|1-546-971-5537|Cain
1577|1-374-686-0103|Unity
1578|1-926-347-9421|Joan
1579|1-872-549-0310|Moses
1580|1-481-722-0314|Aimee
1581|1-623-526-5380|Coby
1582|1-407-755-7871|Herrod
1583|1-223-813-3615|Selma
1584|1-943-386-8447|Timothy
1585|1-381-966-7870|Ariel
1586|1-331-195-4939|Xavier
1587|1-624-237-9310|Scarlet
1588|1-875-841-0643|Paula
1589|1-788-682-2976|Nichole
1590|1-891-365-6945|Sierra
1591|1-334-688-1053|Darius
1592|1-432-941-7975|Jocelyn
1593|1-560-798-2501|Whitney
1594|1-478-453-9095|Micah
1595|1-452-173-2173|Cecilia
1596|1-526-890-2655|Abdul
1597|1-517-120-6552|Chava
1598|1-371-637-0211|Lucius
1599|1-482-842-7626|Tallulah
1600|1-712-617-9709|Bernard
1601|1-725-702-4136|Gareth
1602|1-456-684-9166|Sean
1603|1-695-716-3280|Cedric
1604|1-996-686-1382|Gray
1605|1-399-559-8767|Quemby
1606|1-312-981-5818|Rowan
1607|1-468-779-6846|Irene
1608|1-449-571-1955|Holmes
1609|1-650-593-4699|Claire
1610|1-351-823-3974|Galvin
1611|1-261-384-5356|Lamar
1612|1-785-347-7160|Xantha
1613|1-250-590-8273|Tanner
1614|1-318-992-2383|Shaine
1615|1-714-434-8536|Laith
1616|1-346-908-5438|Jason
1617|1-190-872-8108|Raja
1618|1-890-129-9526|Germaine
1619|1-633-531-7580|Wyoming
1620|1-951-836-2778|McKenzie
1621|1-874-633-5996|Brent
1622|1-265-124-4613|Harper
1623|1-989-446-1500|Lisandra
1624|1-993-665-1814|Aubrey
1625|1-694-593-0391|Griffith
1626|1-413-698-4355|Alexander
1627|1-475-767-3421|Caldwell
1628|1-819-776-1777|Ursula
1629|1-416-482-1531|Maite
1630|1-526-670-3341|Shoshana
1631|1-623-463-6795|Demetrius
1632|1-825-785-1464|Ciaran
1633|1-940-913-5575|Tanisha
1634|1-918-875-1128|Leo
1635|1-862-462-8632|Tyrone
1636|1-285-448-5862|Ulla
1637|1-920-719-8218|Jerry
1638|1-210-967-3178|Aurora
1639|1-491-703-1682|Keely
1640|1-779-407-4790|Gail
1641|1-133-265-6151|Autumn
1642|1-232-683-6104|Luke
1643|1-179-498-4762|Pearl
1644|1-889-578-8537|Katell
1645|1-157-264-5702|Renee
1646|1-121-964-4230|Velma
1647|1-245-223-8276|Ivor
1648|1-547-831-1128|Halla
1649|1-693-636-6597|Forrest
1650|1-387-694-8750|Gillian
1651|1-888-782-0734|Pamela
1652|1-414-757-1613|Basia
1653|1-101-185-0226|Rhoda
1654|1-557-618-2017|Gay
1655|1-944-426-0864|Elton
1656|1-305-724-8462|Cheyenne
1657|1-100-609-0646|Colton
1658|1-707-218-1199|Astra
1659|1-771-367-0065|Bianca
1660|1-157-116-8940|Alexandra
1661|1-914-794-0338|Beck
1662|1-756-597-8452|Constance
1663|1-711-835-4585|Yeo
1664|1-951-933-7464|Reese
1665|1-374-899-1236|Cameran
1666|1-893-197-1885|Randall
1667|1-471-773-5847|Jacqueline
1668|1-406-864-5258|Christine
1669|1-806-403-3686|Dawn
1670|1-990-805-9800|Noel
1671|1-913-932-8905|Quinn
1672|1-463-245-8504|Elliott
1673|1-461-365-8228|Kevyn
1674|1-607-581-8373|Jelani
1675|1-265-953-4472|Kieran
1676|1-937-468-6885|Chancellor
1677|1-251-612-4136|Jeanette
1678|1-713-524-2769|Whitney
1679|1-909-728-0290|Kyle
1680|1-876-219-9902|Aileen
1681|1-669-666-6934|Imani
1682|1-906-122-9630|Garrett
1683|1-982-697-9536|Burton
1684|1-302-246-6821|Germane
1685|1-967-902-0400|Igor
1686|1-617-265-3619|Ori
1687|1-408-182-3430|Leslie
1688|1-429-825-7900|Rooney
1689|1-619-513-7617|Zephania
1690|1-889-241-2611|Nicole
1691|1-567-208-5088|Cheryl
1692|1-578-703-0605|Zeus
1693|1-680-416-8480|Cody
1694|1-283-481-0657|Dominic
1695|1-738-969-5682|Damian
1696|1-472-905-0024|Levi
1697|1-440-529-8940|Susan
1698|1-362-494-6343|Alexander
1699|1-779-855-2559|Jasmine
1700|1-579-504-7552|Ferris
1701|1-866-727-0766|Quintessa
1702|1-241-289-2792|Brooke
1703|1-940-596-1970|Hamilton
1704|1-259-440-1473|Griffith
1705|1-544-956-5456|Oleg
1706|1-807-567-5709|Olympia
1707|1-869-897-0141|Myra
1708|1-247-936-8400|Gannon
1709|1-162-951-7263|Yetta
1710|1-736-652-0927|Aurora
1711|1-636-376-2239|Austin
1712|1-392-397-6339|Benjamin
1713|1-470-530-2852|Plato
1714|1-755-857-3046|Rae
1715|1-151-198-0813|Chancellor
1716|1-871-145-2574|Gray
1717|1-368-175-7562|Kimberly
1718|1-997-845-2316|Ursa
1719|1-830-581-4212|Kadeem
1720|1-319-914-9665|Yoshi
1721|1-796-492-6843|Amal
1722|1-686-684-7608|Faith
1723|1-139-987-8769|Louis
1724|1-520-916-7355|Stephanie
1725|1-828-148-8775|Shannon
1726|1-796-300-4655|Stuart
1727|1-138-491-2915|Zane
1728|1-701-212-1126|Shoshana
1729|1-816-477-9626|Zeus
1730|1-996-332-3608|Rae
1731|1-197-968-6610|TaShya
1732|1-200-334-2243|Emi
1733|1-976-757-7942|Hu
1734|1-665-369-6756|Roary
1735|1-809-328-3092|Robin
1736|1-938-845-8302|Reagan
1737|1-656-523-9225|Marvin
1738|1-272-812-4832|John
1739|1-232-396-7716|Ariana
1740|1-507-456-5746|Shay
1741|1-430-395-7536|Jessica
1742|1-409-626-9064|Alden
1743|1-711-632-8931|Lane
1744|1-783-704-1936|Maxwell
1745|1-783-333-4721|Ivana
1746|1-456-214-6039|Tashya
1747|1-227-913-6039|Bo
1748|1-175-824-9933|Norman
1749|1-712-494-9366|Janna
1750|1-867-310-6032|Wang
1751|1-340-940-3462|Gary
1752|1-209-362-9335|Blythe
1753|1-908-671-2397|Kathleen
1754|1-930-987-5626|Ashton
1755|1-775-420-3023|Aubrey
1756|1-895-956-3817|Brandon
1757|1-744-954-7974|Justine
1758|1-853-292-2145|Hedley
1759|1-798-760-1589|Chloe
1760|1-951-996-0584|Ira
1761|1-244-219-5722|Ahmed
1762|1-220-550-9001|Mariko
1763|1-518-861-7341|Ryder
1764|1-927-300-2316|Chloe
1765|1-963-798-7867|Mohammad
1766|1-159-930-6502|Janna
1767|1-573-285-2236|Aphrodite
1768|1-616-711-3326|Harding
1769|1-654-659-6356|Karleigh
1770|1-726-501-6713|Jerome
1771|1-979-668-0341|Gavin
1772|1-610-618-0212|Jorden
1773|1-949-883-3820|Lucius
1774|1-429-750-6747|Brenda
1775|1-199-164-3263|India
1776|1-728-775-6280|McKenzie
1777|1-254-260-1254|Caleb
1778|1-314-703-5827|Alan
1779|1-241-920-6705|Palmer
1780|1-571-645-1105|Lewis
1781|1-631-693-4469|Beau
1782|1-638-840-3895|Luke
1783|1-905-981-9880|Keane
1784|1-406-872-7924|Olga
1785|1-221-587-7575|Tasha
1786|1-554-499-5301|Dara
1787|1-402-276-6297|Illiana
1788|1-388-965-3479|Ulric
1789|1-465-716-2404|Jaquelyn
1790|1-312-108-3470|Britanni
1791|1-816-692-3559|Kylee
1792|1-802-671-2839|Brett
1793|1-751-188-2096|Naida
1794|1-143-277-6038|Ira
1795|1-829-397-9458|Chava
1796|1-983-144-9302|Julian
1797|1-707-697-4720|Courtney
1798|1-120-196-3843|Vaughan
1799|1-949-666-8418|Sonia
1800|1-748-848-2565|Raven
1801|1-627-445-2318|Galena
1802|1-902-874-2201|Clarke
1803|1-725-171-4920|Erin
1804|1-651-312-6989|Kathleen
1805|1-110-886-4864|Murphy
1806|1-888-689-4653|Amelia
1807|1-967-608-8729|Laith
1808|1-255-127-0676|Patience
1809|1-814-966-6217|Ira
1810|1-751-713-3591|Vivien
1811|1-511-590-2951|Timon
1812|1-333-737-1320|Ira
1813|1-395-502-6098|Brenna
1814|1-740-259-2280|Scarlet
1815|1-408-439-9914|Marny
1816|1-877-218-9397|Malachi
1817|1-221-804-5464|Cameron
1818|1-463-262-1337|Petra
1819|1-283-259-3941|Tate
1820|1-139-808-6729|Daquan
1821|1-659-731-4574|Julie
1822|1-126-363-9931|Miriam
1823|1-221-352-2377|Phelan
1824|1-670-859-3387|Jorden
1825|1-190-902-2632|Tasha
1826|1-700-437-4066|Carter
1827|1-886-796-2029|Dai
1828|1-842-454-2806|Josephine
1829|1-923-718-0136|Dacey
1830|1-221-553-8670|Vance
1831|1-421-406-0149|Abraham
1832|1-766-127-7267|Nerea
1833|1-978-348-7740|Felix
1834|1-730-824-4840|Josiah
1835|1-115-719-2044|Stacy
1836|1-965-584-6078|Bradley
1837|1-392-723-9113|Medge
1838|1-807-497-0713|Reed
1839|1-382-144-5239|Uriel
1840|1-605-195-1041|Florence
1841|1-296-492-5247|Jessamine
1842|1-784-849-4800|Rooney
1843|1-376-183-7292|Fulton
1844|1-915-593-8446|Gabriel
1845|1-123-789-8275|Flavia
1846|1-393-129-5812|Dakota
1847|1-180-715-8119|Hu
1848|1-689-209-4122|Declan
1849|1-954-202-7002|Ina
1850|1-595-265-8118|Myles
1851|1-197-584-3395|Joan
1852|1-924-226-4459|Dominique
1853|1-483-463-6970|Aubrey
1854|1-705-353-4186|Lillith
1855|1-889-187-1437|Joy
1856|1-244-857-2418|Andrew
1857|1-953-289-7422|Jeanette
1858|1-323-307-8148|Paki
1859|1-456-741-4057|Carl
1860|1-654-751-7627|Henry
1861|1-373-522-1969|Fuller
1862|1-298-160-8531|Ishmael
1863|1-175-689-2809|Cameran
1864|1-598-287-4459|Jordan
1865|1-172-414-8350|Calista
1866|1-282-262-0265|Shelby
1867|1-310-593-8817|Eden
1868|1-822-334-9906|Quyn
1869|1-738-817-6558|Amery
1870|1-186-408-9048|Fuller
1871|1-270-786-0624|Chancellor
1872|1-813-274-0923|Basia
1873|1-728-209-8717|Rose
1874|1-505-992-6887|Ray
1875|1-582-645-1959|Yetta
1876|1-412-744-7344|Aline
1877|1-805-783-0430|Hedy
1878|1-882-561-6531|Taylor
1879|1-137-353-0643|Cheryl
1880|1-639-983-6333|McKenzie
1881|1-153-772-9832|Thor
1882|1-476-746-1613|Garth
1883|1-353-645-7809|Quamar
1884|1-406-150-8572|Colton
1885|1-522-222-0523|Brandon
1886|1-499-404-0761|Liberty
1887|1-290-151-2555|Noble
1888|1-419-207-0122|Ora
1889|1-160-435-7003|Magee
1890|1-254-577-9118|Malachi
1891|1-182-186-5236|Giselle
1892|1-303-622-0602|Erica
1893|1-750-258-2053|Avram
1894|1-474-156-2228|Inez
1895|1-178-399-8088|Chandler
1896|1-173-526-1302|Kaitlin
1897|1-564-846-0159|Coby
1898|1-794-827-9347|Hedy
1899|1-404-686-3690|Roth
1900|1-565-330-9548|Ann
1901|1-803-512-9824|Adrienne
1902|1-954-902-8132|Ryan
1903|1-782-324-9296|Micah
1904|1-739-104-3930|Cameran
1905|1-256-274-9324|Daphne
1906|1-400-499-0607|Lyle
1907|1-637-938-5053|Brian
1908|1-848-657-8155|Chase
1909|1-655-387-3401|Joseph
1910|1-617-125-2120|Tatum
1911|1-772-335-6805|Gregory
1912|1-147-782-6499|Thaddeus
1913|1-671-628-4200|Guy
1914|1-965-717-4932|Astra
1915|1-702-708-4080|Macy
1916|1-642-674-0061|Travis
1917|1-310-121-7168|Orson
1918|1-966-427-1162|Jennifer
1919|1-395-161-6617|Baxter
1920|1-404-764-6551|Tate
1921|1-709-727-2892|Emery
1922|1-504-930-5963|Lynn
1923|1-649-173-0846|Declan
1924|1-139-541-5040|Graham
1925|1-685-775-4472|Daryl
1926|1-523-587-6834|Virginia
1927|1-253-316-2798|Jin
1928|1-487-499-2998|Luke
1929|1-520-841-0488|Paula
1930|1-203-472-4562|Elaine
1931|1-654-349-4114|Lane
1932|1-157-903-8626|Kylan
1933|1-274-911-2090|Phelan
1934|1-300-327-1371|Nathan
1935|1-309-795-9119|Iola
1936|1-709-153-0933|Evangeline
1937|1-769-714-2700|Anne
1938|1-569-691-6774|Mufutau
1939|1-211-452-6728|Nora
1940|1-210-972-7151|Xander
1941|1-774-912-3202|Anjolie
1942|1-341-876-4126|Alisa
1943|1-353-969-2527|Zoe
1944|1-416-986-1319|Lionel
1945|1-961-795-7867|Emery
1946|1-984-658-7720|Merritt
1947|1-800-700-2652|Burke
1948|1-288-910-7644|Carla
1949|1-907-414-7659|Walker
1950|1-291-624-9933|Jessamine
1951|1-996-977-1749|Hanna
1952|1-816-357-6505|Cyrus
1953|1-930-742-4506|Dane
1954|1-128-690-7186|Upton
1955|1-215-343-5108|Miriam
1956|1-170-733-9042|Ora
1957|1-755-596-6357|Kylan
1958|1-952-742-3551|Jared
1959|1-668-966-7625|Yardley
1960|1-663-367-2924|Morgan
1961|1-346-455-2102|Lysandra
1962|1-836-611-2697|Aspen
1963|1-704-549-7505|Mason
1964|1-746-481-2508|Dante
1965|1-256-895-9418|Imelda
1966|1-322-684-5358|Elizabeth
1967|1-234-960-5046|Bo
1968|1-887-671-4306|Cooper
1969|1-393-637-3418|Pamela
1970|1-752-243-8702|Dalton
1971|1-314-133-5658|Levi
1972|1-120-890-2271|Hashim
1973|1-517-740-6125|Hilel
1974|1-751-530-4691|Dieter
1975|1-437-710-3863|Paki
1976|1-353-365-8902|Valentine
1977|1-485-358-2836|Dorian
1978|1-467-613-6597|Danielle
1979|1-211-264-3055|Keiko
1980|1-297-484-3922|Evelyn
1981|1-958-119-4119|Nicole
1982|1-650-110-0891|Roanna
1983|1-555-961-8822|Fallon
1984|1-193-653-8335|Portia
1985|1-696-217-9766|Vera
1986|1-351-473-2226|Harlan
1987|1-510-422-5534|Valentine
1988|1-664-493-7985|Gregory
1989|1-229-221-8896|Shea
1990|1-914-505-1985|Xenos
1991|1-953-332-9580|Aimee
1992|1-555-633-9580|Coby
1993|1-593-207-0889|Brynn
1994|1-701-344-0858|Yasir
1995|1-556-181-1357|Ignatius
1996|1-955-786-9906|James
1997|1-607-406-2884|Margaret
1998|1-907-490-5104|Rae
1999|1-437-885-1327|Aurora
2000|1-185-675-1747|Oliver
2001|1-611-591-4279|Randall
2002|1-632-610-9760|Basil
2003|1-108-833-9994|Channing
2004|1-690-649-1470|Odysseus
2005|1-134-625-6974|Kenyon
2006|1-626-119-2879|Libby
2007|1-118-362-4088|Emmanuel
2008|1-282-518-0171|Xenos
2009|1-118-135-7559|Haviva
2010|1-349-195-1761|Jasper
2011|1-681-301-3985|Neve
2012|1-198-593-3251|Graiden
2013|1-280-375-5483|Ahmed
2014|1-761-855-1662|Jennifer
2015|1-437-804-1749|Belle
2016|1-356-918-4627|Denise
2017|1-148-505-5887|Flynn
2018|1-143-922-8457|Lucian
2019|1-675-695-8996|Richard
2020|1-461-161-2820|Darrel
2021|1-480-184-2632|Colleen
2022|1-145-350-4610|Ignatius
2023|1-145-705-5661|Jin
2024|1-541-199-8326|Jin
2025|1-872-974-4503|Joseph
2026|1-426-366-2593|Sharon
2027|1-786-475-4501|Quentin
2028|1-874-499-8857|Savannah
2029|1-205-521-2495|Ira
2030|1-316-490-7096|Adam
2031|1-250-625-4796|Mason
2032|1-624-315-3832|Claire
2033|1-461-843-4347|Alfonso
2034|1-184-614-4302|Jamal
2035|1-578-184-0994|Zoe
2036|1-478-133-5178|Priscilla
2037|1-786-979-1914|Phyllis
2038|1-130-452-0649|Ciaran
2039|1-334-267-7680|Lunea
2040|1-460-549-6634|Mercedes
2041|1-684-506-1487|Ray
2042|1-751-587-9092|Emi
2043|1-271-182-3174|Castor
2044|1-886-903-0182|Venus
2045|1-778-396-2499|Hamilton
2046|1-169-519-7868|Herman
2047|1-565-544-9281|Casey
2048|1-226-734-8626|Barry
2049|1-378-588-8426|Lionel
2050|1-308-214-6497|Shafira
2051|1-404-365-3481|Raphael
2052|1-289-611-7572|Wyatt
2053|1-461-587-4962|Quincy
2054|1-601-361-1312|Caryn
2055|1-612-111-4118|Anne
2056|1-863-848-2482|Brittany
2057|1-401-634-0833|Raphael
2058|1-590-335-1883|Buckminster
2059|1-205-424-0182|Benjamin
2060|1-107-809-8584|Chancellor
2061|1-788-203-5802|Thane
2062|1-297-461-1649|Philip
2063|1-737-712-1366|Elmo
2064|1-992-451-7484|Joelle
2065|1-256-795-5727|Rhea
2066|1-411-724-3053|Bevis
2067|1-963-679-6554|Ira
2068|1-576-845-5805|Channing
2069|1-580-312-2340|Carla
2070|1-819-359-2328|Tana
2071|1-320-871-1305|Ella
2072|1-655-836-9853|Baker
2073|1-761-618-5986|Fulton
2074|1-132-784-0827|Giselle
2075|1-478-401-7248|Dieter
2076|1-885-620-7727|Thomas
2077|1-667-551-4829|Rama
2078|1-640-873-6478|Jena
2079|1-436-722-6010|Aretha
2080|1-236-320-8038|Alea
2081|1-752-953-9448|Kitra
2082|1-676-511-0865|Brynn
2083|1-105-417-0609|Quamar
2084|1-381-944-1003|Barclay
2085|1-304-318-8863|Preston
2086|1-346-413-2789|Kennan
2087|1-977-849-4025|Len
2088|1-212-505-8212|Brent
2089|1-160-800-7068|Nicholas
2090|1-393-232-3961|Dahlia
2091|1-259-884-3792|Sheila
2092|1-652-586-1415|Hu
2093|1-625-112-8846|Kiona
2094|1-536-917-6679|Skyler
2095|1-368-292-7260|Kato
2096|1-616-332-9502|Raja
2097|1-913-711-1937|Quinn
2098|1-719-897-8787|Rahim
2099|1-112-234-0114|Jermaine
2100|1-518-390-1126|Samantha
2101|1-892-757-9253|Hadassah
2102|1-594-629-5241|Cassidy
2103|1-129-627-2004|Quincy
2104|1-363-241-2073|Fuller
2105|1-582-265-5564|Yuli
2106|1-370-173-1721|Sonia
2107|1-467-639-7126|Mufutau
2108|1-361-103-6539|Rebekah
2109|1-604-306-4992|Inez
2110|1-402-690-7065|Marny
2111|1-934-120-9586|Xandra
2112|1-375-841-8064|Zephr
2113|1-947-621-6518|Tara
2114|1-917-479-4346|Donovan
2115|1-745-539-9621|Abdul
2116|1-151-211-0185|Cally
2117|1-831-315-7218|Steven
2118|1-306-993-1323|Clio
2119|1-226-526-9221|Orli
2120|1-962-633-7698|Jade
2121|1-739-724-3797|Raymond
2122|1-419-445-2096|Mark
2123|1-886-994-0352|Keaton
2124|1-299-851-2678|Abraham
2125|1-431-554-6609|Anjolie
2126|1-924-898-2696|Cullen
2127|1-360-200-2957|Farrah
2128|1-193-302-1193|Arsenio
2129|1-317-944-7737|Amela
2130|1-953-226-2443|Debra
2131|1-734-621-5037|Aretha
2132|1-689-742-7525|Cairo
2133|1-252-934-8869|Mannix
2134|1-491-228-7606|Giacomo
2135|1-589-120-7200|Christian
2136|1-804-896-4434|Lucy
2137|1-297-954-1913|Quinn
2138|1-490-341-8224|Jasper
2139|1-520-701-8742|Madeline
2140|1-539-540-1292|Kalia
2141|1-882-966-5798|Kai
2142|1-751-151-0733|Kim
2143|1-629-781-6123|Jermaine
2144|1-982-378-6236|Arsenio
2145|1-985-495-7454|Tashya
2146|1-392-240-7694|Lester
2147|1-600-386-0341|Pamela
2148|1-277-772-3813|Alice
2149|1-932-465-8015|Olivia
2150|1-932-522-9029|Sopoline
2151|1-559-529-5473|Graham
2152|1-792-954-2472|Glenna
2153|1-485-424-4650|Dorian
2154|1-726-202-0710|Juliet
2155|1-333-547-3219|Beck
2156|1-690-672-6172|Aspen
2157|1-191-764-7383|Allistair
2158|1-541-855-5523|Amy
2159|1-695-554-0986|Samantha
2160|1-777-731-8538|Paul
2161|1-622-299-8249|Jasper
2162|1-198-851-4685|Rhoda
2163|1-728-938-3846|Adara
2164|1-936-343-4069|Kelly
2165|1-996-528-5032|Germane
2166|1-881-368-3041|Fitzgerald
2167|1-383-744-4582|Zephania
2168|1-391-193-3171|Yolanda
2169|1-219-314-3721|Arden
2170|1-884-792-6091|Rigel
2171|1-785-944-1006|Ezekiel
2172|1-872-592-1181|Jordan
2173|1-577-604-6418|Maia
2174|1-396-406-2473|Ori
2175|1-759-520-6603|Garth
2176|1-374-632-7783|Isaiah
2177|1-666-406-9261|Tad
2178|1-457-977-3959|Slade
2179|1-179-759-9769|Maite
2180|1-994-276-8263|Yetta
2181|1-430-534-2025|Cole
2182|1-770-952-9375|Latifah
2183|1-847-897-4761|Barry
2184|1-690-776-0698|Rhona
2185|1-580-469-6291|Olivia
2186|1-335-190-2839|Rhonda
2187|1-342-144-6568|Mariam
2188|1-483-589-2542|Aubrey
2189|1-861-749-3769|Caryn
2190|1-799-840-8760|Mason
2191|1-669-577-8109|Zachary
2192|1-492-713-8302|Thor
2193|1-850-793-4214|Rudyard
2194|1-137-825-5457|Leonard
2195|1-288-480-7302|Nissim
2196|1-361-541-8768|Carson
2197|1-358-474-8136|Dolan
2198|1-152-807-9553|Sarah
2199|1-177-145-7278|Wallace
2200|1-548-883-5469|Lucy
2201|1-987-109-0271|Donovan
2202|1-332-824-6415|Claudia
2203|1-869-137-0433|Benjamin
2204|1-717-411-8622|Cameran
2205|1-283-192-4875|Lamar
2206|1-485-250-5856|Serena
2207|1-459-243-7262|Ursula
2208|1-812-163-1896|Reuben
2209|1-577-307-4332|Skyler
2210|1-499-135-7770|Whitney
2211|1-767-927-2856|Danielle
2212|1-123-292-0419|Felix
2213|1-591-555-1371|Basia
2214|1-276-418-7834|Hadassah
2215|1-549-542-6379|Cyrus
2216|1-284-709-6567|Clare
2217|1-855-240-3643|Allistair
2218|1-577-678-8980|Quincy
2219|1-311-648-0469|Tyler
2220|1-930-678-1850|Jaden
2221|1-173-943-2744|Melodie
2222|1-126-526-1507|Jamal
2223|1-564-161-7473|Chantale
2224|1-702-552-7607|Mohammad
2225|1-257-918-8817|August
2226|1-734-412-5770|Carly
2227|1-443-422-3328|Gillian
2228|1-995-511-7371|Hayden
2229|1-260-112-9602|Axel
2230|1-405-184-2381|Patrick
2231|1-266-548-0336|Nina
2232|1-925-354-0407|Cara
2233|1-642-782-2960|Carla
2234|1-512-303-5274|Elliott
2235|1-639-684-0022|Kenneth
2236|1-615-347-5797|Riley
2237|1-789-719-9971|Dennis
2238|1-363-685-0700|Isaiah
2239|1-790-259-3025|Addison
2240|1-697-319-1943|Daphne
2241|1-798-100-8976|Illana
2242|1-534-258-2420|Adrian
2243|1-456-837-6040|Sawyer
2244|1-561-791-0150|Palmer
2245|1-619-560-7037|Bevis
2246|1-418-169-3214|Malik
2247|1-766-401-6661|Olympia
2248|1-716-512-3673|Dara
2249|1-228-676-2826|Tara
2250|1-396-689-0504|Yvette
2251|1-425-478-5273|Uta
2252|1-644-740-2079|Brendan
2253|1-929-403-3435|Felix
2254|1-288-328-3721|Willa
2255|1-774-905-2716|Gretchen
2256|1-386-760-5264|Cassandra
2257|1-926-931-9669|Moses
2258|1-730-219-8353|Preston
2259|1-334-450-3276|Alan
2260|1-108-586-3359|Jonas
2261|1-224-406-6606|Hayden
2262|1-274-144-1472|Maxwell
2263|1-967-739-9285|Kevyn
2264|1-109-369-7847|Sacha
2265|1-308-422-0768|Kylan
2266|1-346-719-0967|August
2267|1-731-895-0643|Azalia
2268|1-435-510-4236|Otto
2269|1-475-904-9846|Madonna
2270|1-722-312-3284|Armand
2271|1-408-369-0290|Inez
2272|1-924-184-2001|Honorato
2273|1-390-475-5032|Virginia
2274|1-732-318-8280|Jason
2275|1-121-749-6481|Nevada
2276|1-822-566-7274|Gail
2277|1-473-901-2106|Kiona
2278|1-480-464-8552|Rosalyn
2279|1-166-683-2339|Sandra
2280|1-536-281-4437|Micah
2281|1-369-810-6290|Nolan
2282|1-878-761-0206|Ingrid
2283|1-952-960-9126|Thor
2284|1-864-956-4715|Dexter
2285|1-823-661-5741|Tamara
2286|1-853-400-7375|Carson
2287|1-120-191-8172|Lane
2288|1-855-947-4022|Kirsten
2289|1-145-232-4591|Sybill
2290|1-541-985-1021|Rahim
2291|1-128-878-1783|Hayden
2292|1-206-674-3578|Camden
2293|1-436-508-5603|Odysseus
2294|1-254-413-7341|Nicole
2295|1-666-858-1828|Nasim
2296|1-682-404-1587|Erich
2297|1-878-121-1578|Keith
2298|1-695-469-2244|Fatima
2299|1-427-236-7266|Stella
2300|1-550-124-6408|Abraham
2301|1-998-631-2962|Zenaida
2302|1-696-219-6184|Alfonso
2303|1-664-748-5633|Raja
2304|1-729-631-8471|Alec
2305|1-997-489-2547|Eric
2306|1-594-640-6871|Salvador
2307|1-325-205-5492|Travis
2308|1-662-694-0039|Jesse
2309|1-126-473-6276|Cameran
2310|1-506-785-3747|Dieter
2311|1-879-511-0616|Georgia
2312|1-106-814-4140|Mary
2313|1-119-662-5364|Phyllis
2314|1-104-819-3399|Eliana
2315|1-881-531-2412|Clarke
2316|1-643-256-4175|Noah
2317|1-299-773-8744|Freya
2318|1-183-867-3027|Renee
2319|1-385-477-6058|Gareth
2320|1-670-627-3940|Gannon
2321|1-631-724-7397|Caldwell
2322|1-383-609-5557|Charity
2323|1-649-518-2417|Gareth
2324|1-226-867-7710|Halla
2325|1-843-926-6074|Fredericka
2326|1-391-644-8242|Gail
2327|1-625-746-0003|Vernon
2328|1-939-466-0976|Sharon
2329|1-252-386-8142|Sonia
2330|1-711-454-3992|Shad
2331|1-793-122-4804|Dominique
2332|1-187-500-9885|Lamar
2333|1-720-282-5401|Connor
2334|1-110-163-3909|Mason
2335|1-980-721-0391|Ignatius
2336|1-439-147-1579|Clinton
2337|1-821-983-6655|Dorothy
2338|1-954-376-7934|Victoria
2339|1-120-680-7258|Cora
2340|1-423-371-0666|Regan
2341|1-243-226-8348|Stacy
2342|1-333-868-9293|Perry
2343|1-556-647-5531|Ulric
2344|1-340-126-1790|Cody
2345|1-647-417-7576|May
2346|1-798-566-7841|Wynter
2347|1-122-371-0277|Cooper
2348|1-701-215-7917|Edward
2349|1-694-764-9738|Kylee
2350|1-170-439-9902|Gray
2351|1-362-190-9553|Mona
2352|1-980-967-6165|Palmer
2353|1-980-856-2567|Kermit
2354|1-723-936-4971|Simon
2355|1-565-822-2832|Erin
2356|1-632-712-1008|Jade
2357|1-447-133-4031|Madison
2358|1-737-942-8445|Octavius
2359|1-754-404-0366|Melanie
2360|1-414-576-3580|Stacey
2361|1-370-642-2417|Kylan
2362|1-169-311-0807|Malachi
2363|1-995-529-9597|Sandra
2364|1-565-672-0285|Lisandra
2365|1-725-160-7424|Akeem
2366|1-160-422-1362|Velma
2367|1-149-873-1332|Mannix
2368|1-890-686-1631|Jarrod
2369|1-792-887-6937|Leigh
2370|1-620-641-7812|Graham
2371|1-592-809-2499|Lacy
2372|1-137-768-5130|Lev
2373|1-188-552-8613|Nehru
2374|1-827-251-3098|Karina
2375|1-636-444-2281|Mariko
2376|1-552-181-4065|Reece
2377|1-799-744-0663|Plato
2378|1-987-528-5448|Zane
2379|1-924-975-7391|Luke
2380|1-750-183-0693|Naomi
2381|1-574-193-1066|Ginger
2382|1-769-668-2399|Nomlanga
2383|1-286-708-6853|Hedley
2384|1-741-393-5783|Catherine
2385|1-603-134-1678|Kimberley
2386|1-526-361-4058|Selma
2387|1-642-510-0741|Iris
2388|1-275-403-1284|Alfonso
2389|1-262-924-9259|Price
2390|1-327-697-5198|Erasmus
2391|1-879-440-5258|Ryan
2392|1-521-126-8128|Thor
2393|1-448-661-0821|Jessamine
2394|1-910-588-4967|Urielle
2395|1-112-388-9180|Isaiah
2396|1-741-879-7194|Robert
2397|1-383-226-6864|Arsenio
2398|1-333-317-5517|Carla
2399|1-734-409-9852|Mufutau
2400|1-983-453-4163|Nora
2401|1-555-588-9144|Brenda
2402|1-599-741-5089|George
2403|1-821-332-9487|Octavia
2404|1-265-677-1903|Rafael
2405|1-610-684-3779|Reece
2406|1-177-559-6413|Irma
2407|1-320-623-9536|Blair
2408|1-600-288-8621|Justina
2409|1-389-827-3349|Iris
2410|1-687-360-8286|Emily
2411|1-350-968-7720|Madeline
2412|1-466-724-1209|Hilda
2413|1-528-428-8366|Merrill
2414|1-163-792-6583|Micah
2415|1-669-629-0965|Igor
2416|1-205-434-6213|Nadine
2417|1-549-708-8273|Tanner
2418|1-218-571-3097|Reagan
2419|1-525-885-3504|Mikayla
2420|1-976-694-1330|Quyn
2421|1-809-577-1574|Martha
2422|1-891-135-0296|Xenos
2423|1-839-446-9031|Iona
2424|1-906-402-4425|Anthony
2425|1-683-531-5080|Gray
2426|1-755-970-8013|Latifah
2427|1-161-912-1390|Dustin
2428|1-778-261-5380|Marvin
2429|1-531-540-5170|Vance
2430|1-555-514-0019|Vernon
2431|1-373-889-7156|Jerome
2432|1-869-292-5340|Zeph
2433|1-212-474-3343|Kuame
2434|1-797-230-6627|Rudyard
2435|1-824-261-4287|Dawn
2436|1-253-146-5255|Tyler
2437|1-335-366-8383|August
2438|1-139-624-2952|Odysseus
2439|1-535-729-0576|Benjamin
2440|1-408-618-2973|Rogan
2441|1-121-672-8652|Aimee
2442|1-238-790-8150|Alyssa
2443|1-613-870-2100|Mariam
2444|1-712-463-6383|Stacy
2445|1-491-251-3893|Vivien
2446|1-473-869-0113|Nathan
2447|1-579-971-0303|Zachery
2448|1-660-208-2043|Maile
2449|1-962-183-0461|Nola
2450|1-108-458-0164|Marny
2451|1-453-273-7671|Amery
2452|1-404-773-6795|Wallace
2453|1-601-984-1950|Lavinia
2454|1-791-555-5079|Quynn
2455|1-894-735-8617|Zephania
2456|1-374-425-3005|Carly
2457|1-150-528-8997|Hollee
2458|1-464-498-4582|Guy
2459|1-456-906-3160|Martena
2460|1-954-912-5431|Brandon
2461|1-942-578-4738|Chase
2462|1-868-599-5830|Lee
2463|1-436-572-3694|Kristen
2464|1-110-571-2616|Leilani
2465|1-522-538-9884|Justina
2466|1-564-887-8373|Boris
2467|1-456-515-0701|Thane
2468|1-941-378-8378|Porter
2469|1-538-947-4288|Deborah
2470|1-729-593-4838|Uriel
2471|1-640-806-0778|Gay
2472|1-722-607-8239|Inga
2473|1-680-802-2498|Tatum
2474|1-691-248-0351|Deacon
2475|1-248-764-2705|Eden
2476|1-516-696-8857|Suki
2477|1-707-122-8345|Serina
2478|1-723-265-5420|Phillip
2479|1-731-519-3540|Benjamin
2480|1-994-310-9709|Yvette
2481|1-637-206-7695|Jackson
2482|1-601-660-5585|Veda
2483|1-795-381-1378|Addison
2484|1-551-695-7778|Hammett
2485|1-200-747-4272|George
2486|1-516-932-7071|Clio
2487|1-994-345-0461|Marny
2488|1-135-268-9646|Byron
2489|1-797-784-8797|Demetria
2490|1-504-892-4655|Sara
2491|1-193-938-3078|Bernard
2492|1-594-149-3264|Willow
2493|1-404-200-4845|Nerea
2494|1-783-162-9269|Benedict
2495|1-937-123-3940|Igor
2496|1-395-218-2040|Libby
2497|1-138-608-2080|Isabella
2498|1-892-328-7581|Oprah
2499|1-612-848-1481|Quinn
2500|1-263-427-2781|Brynne
2501|1-617-842-7518|Benjamin
2502|1-377-916-3319|Camilla
2503|1-314-184-0292|Zephr
2504|1-897-255-7876|Justine
2505|1-299-205-4639|Kiayada
2506|1-323-182-2161|Vanna
2507|1-105-133-9756|Joseph
2508|1-768-515-5145|Bruce
2509|1-808-168-5371|Zoe
2510|1-197-188-2410|Whoopi
2511|1-750-118-3310|Solomon
2512|1-846-841-7383|Candace
2513|1-417-281-8070|Brittany
2514|1-331-708-8418|Elizabeth
2515|1-674-578-5726|Nita
2516|1-237-288-8615|Lois
2517|1-776-599-0862|Reed
2518|1-764-512-9535|Rachel
2519|1-629-414-0151|Elliott
2520|1-833-588-6222|Cara
2521|1-501-442-7679|Uriel
2522|1-437-861-6224|Callie
2523|1-207-738-1503|Donovan
2524|1-853-577-5206|Imani
2525|1-665-685-2843|Jakeem
2526|1-476-152-6869|Margaret
2527|1-253-560-2123|Leonard
2528|1-956-215-2148|Xena
2529|1-784-543-3717|Eaton
2530|1-521-550-4063|Samuel
2531|1-794-731-2438|Hamilton
2532|1-441-946-2803|Orson
2533|1-999-205-5864|Deborah
2534|1-832-358-0554|Whilemina
2535|1-505-135-2677|Warren
2536|1-701-646-6054|Rebekah
2537|1-489-737-0302|Kuame
2538|1-804-263-8476|Ima
2539|1-405-676-8563|Denise
2540|1-859-366-6679|Axel
2541|1-816-470-7451|Ishmael
2542|1-659-686-9316|Deborah
2543|1-364-985-5693|Malachi
2544|1-590-895-5784|Jasper
2545|1-698-261-9698|Flavia
2546|1-407-968-3743|Colby
2547|1-258-612-2186|Samuel
2548|1-206-276-9411|Baker
2549|1-586-408-1459|Akeem
2550|1-717-124-4052|Kalia
2551|1-694-201-5857|Summer
2552|1-332-948-5542|Michael
2553|1-783-928-2845|Xandra
2554|1-627-447-8588|Ali
2555|1-542-949-0788|Zeph
2556|1-842-116-0399|Ferris
2557|1-594-282-9707|Yolanda
2558|1-631-822-6659|Geoffrey
2559|1-713-773-2247|Jamalia
2560|1-888-978-2655|Craig
2561|1-193-578-2125|Lucian
2562|1-399-376-1481|Daphne
2563|1-483-521-4127|Oliver
2564|1-773-322-9142|Catherine
2565|1-658-891-5890|Mari
2566|1-810-852-3514|Demetrius
2567|1-662-463-1837|Plato
2568|1-139-648-5536|Charles
2569|1-167-660-6159|Gabriel
2570|1-549-779-2381|Roanna
2571|1-152-927-4699|Lyle
2572|1-991-190-2115|Maris
2573|1-718-365-3216|Ryder
2574|1-149-374-4961|Griffith
2575|1-876-125-8037|Kirsten
2576|1-206-279-8041|Samson
2577|1-471-817-9504|Nola
2578|1-687-907-3457|Graiden
2579|1-952-746-2376|Nathaniel
2580|1-752-918-6544|Amelia
2581|1-460-293-9764|Moana
2582|1-911-593-0603|Herrod
2583|1-488-686-8116|Gavin
2584|1-137-726-6269|Ian
2585|1-109-657-7987|September
2586|1-354-361-1123|Nayda
2587|1-652-122-5835|Malcolm
2588|1-347-803-7582|Ariel
2589|1-650-460-7719|Clarke
2590|1-368-375-7886|Pamela
2591|1-365-935-8316|Iola
2592|1-342-665-4782|James
2593|1-373-142-8186|Ryan
2594|1-818-369-3176|Caleb
2595|1-757-116-8448|Malachi
2596|1-236-663-7033|Chloe
2597|1-340-342-4748|Upton
2598|1-545-446-3596|Armand
2599|1-235-553-4986|Yoshi
2600|1-726-524-1864|Octavia
2601|1-475-882-9659|Abraham
2602|1-623-990-1371|Lillian
2603|1-540-274-5329|Ryan
2604|1-264-515-5442|Lavinia
2605|1-389-698-6615|Fredericka
2606|1-429-888-1384|Sharon
2607|1-345-951-3518|Hadley
2608|1-644-742-4839|Zeph
2609|1-854-909-3251|Arden
2610|1-654-595-7398|Illana
2611|1-345-213-4555|Beau
2612|1-287-790-5834|Jason
2613|1-806-527-5043|Fuller
2614|1-420-342-9922|Clayton
2615|1-603-306-4567|Kimberley
2616|1-888-612-7099|Shaine
2617|1-949-412-2916|Keelie
2618|1-872-943-7011|Colorado
2619|1-297-995-2793|Whoopi
2620|1-205-815-8731|Addison
2621|1-627-158-1758|Noelani
2622|1-507-447-9702|Nolan
2623|1-583-175-7340|Brian
2624|1-262-914-1996|Liberty
2625|1-466-346-7038|Kennedy
2626|1-430-601-7639|Mollie
2627|1-602-228-2870|Dillon
2628|1-293-314-3560|Thane
2629|1-385-754-1072|Aquila
2630|1-968-810-1606|Tobias
2631|1-340-721-4198|Beau
2632|1-973-945-8307|Garth
2633|1-778-149-6618|Brandon
2634|1-783-145-5836|Madaline
2635|1-111-252-7401|Isabelle
2636|1-712-867-1417|Libby
2637|1-550-308-5718|Shafira
2638|1-608-508-1171|Amaya
2639|1-403-101-3616|Marvin
2640|1-144-453-3989|Adam
2641|1-281-172-6422|Shelly
2642|1-179-259-7981|Marsden
2643|1-162-307-1226|Avram
2644|1-149-802-9110|Mufutau
2645|1-374-381-7697|Knox
2646|1-842-192-8649|Mikayla
2647|1-815-162-7528|TaShya
2648|1-382-492-1453|Giacomo
2649|1-396-597-7714|Henry
2650|1-452-518-7759|Hamilton
2651|1-800-503-5378|Rosalyn
2652|1-941-110-2238|Jenna
2653|1-759-389-4919|Mona
2654|1-851-881-0886|Paloma
2655|1-675-531-8742|Oleg
2656|1-397-217-8709|Imelda
2657|1-255-327-9316|Burke
2658|1-240-915-0592|Raven
2659|1-936-587-1404|Knox
2660|1-929-281-5010|Phelan
2661|1-114-161-5006|Samuel
2662|1-393-568-8637|Kellie
2663|1-636-916-5206|Halee
2664|1-497-275-9134|Allistair
2665|1-837-589-4446|Vance
2666|1-824-122-5406|Brett
2667|1-471-407-7443|Bree
2668|1-859-932-0169|Uriel
2669|1-985-173-5316|Rylee
2670|1-384-456-7893|Marsden
2671|1-919-253-7451|Emi
2672|1-574-803-5737|Marcia
2673|1-345-833-4173|Jade
2674|1-653-790-4037|Aline
2675|1-975-192-5195|Reese
2676|1-698-531-3384|Adrian
2677|1-516-652-8841|Elijah
2678|1-238-926-4745|Frances
2679|1-284-736-7461|Travis
2680|1-813-590-2861|Kibo
2681|1-705-739-2481|Jermaine
2682|1-624-955-8312|Kirby
2683|1-108-124-8470|Ferdinand
2684|1-883-609-5983|Ima
2685|1-579-712-1017|Kirk
2686|1-656-137-3995|Zephania
2687|1-839-534-7052|Rylee
2688|1-988-264-7812|Vladimir
2689|1-218-937-4570|Carson
2690|1-818-332-6438|Remedios
2691|1-978-901-9118|Hanae
2692|1-347-573-6677|Quinn
2693|1-668-787-0258|Jael
2694|1-607-707-1355|Hedwig
2695|1-700-594-3418|Ocean
2696|1-617-213-4952|Carly
2697|1-710-807-0178|Juliet
2698|1-267-300-9939|Quintessa
2699|1-867-478-2306|Linda
2700|1-810-186-0201|Daphne
2701|1-942-575-8037|Hoyt
2702|1-670-710-7458|Desirae
2703|1-899-430-1368|Galena
2704|1-864-689-4759|Ferdinand
2705|1-653-904-0776|Rooney
2706|1-574-360-3705|Xerxes
2707|1-679-381-6898|Joel
2708|1-455-665-3947|Zia
2709|1-834-962-4662|Merritt
2710|1-379-330-4700|Anne
2711|1-308-658-4647|Xena
2712|1-348-560-4801|Nadine
2713|1-698-251-2313|Victor
2714|1-333-785-4405|Daniel
2715|1-796-777-5608|May
2716|1-467-251-2889|Lawrence
2717|1-496-163-6591|Calvin
2718|1-162-418-8432|Sonya
2719|1-416-109-3072|Erasmus
2720|1-960-558-6068|Lacy
2721|1-349-132-5385|Harriet
2722|1-947-429-3578|Illiana
2723|1-703-509-4413|Garrett
2724|1-385-676-3961|Haley
2725|1-266-418-8645|Jamal
2726|1-954-122-8152|Hedwig
2727|1-691-177-9964|Wesley
2728|1-347-460-8442|Justin
2729|1-746-661-4536|Hedley
2730|1-219-112-1518|Elliott
2731|1-263-961-9333|Lael
2732|1-304-381-5168|Madaline
2733|1-752-965-1265|Yardley
2734|1-636-609-0259|Keegan
2735|1-938-229-2847|Maggy
2736|1-203-147-9447|Montana
2737|1-464-617-5640|Carolyn
2738|1-240-535-3791|Maggy
2739|1-972-702-5072|Ina
2740|1-217-616-3218|Ivory
2741|1-194-222-0736|Ahmed
2742|1-534-191-2610|Ila
2743|1-539-413-7036|Andrew
2744|1-628-839-6909|Gloria
2745|1-895-605-1639|Mohammad
2746|1-642-298-5767|Hollee
2747|1-268-575-0107|Savannah
2748|1-832-873-4981|Zephania
2749|1-129-653-6178|Lane
2750|1-620-983-7024|Beck
2751|1-975-524-9758|Alfreda
2752|1-602-373-8039|Joy
2753|1-898-857-2662|Isaac
2754|1-909-602-9664|Molly
2755|1-114-907-4924|Wynne
2756|1-684-895-7738|Shana
2757|1-197-935-7448|Hammett
2758|1-738-261-1550|Curran
2759|1-858-897-7539|Lacey
2760|1-510-178-2007|Chase
2761|1-502-976-4391|Amity
2762|1-149-492-5179|Orla
2763|1-338-235-7801|TaShya
2764|1-536-743-7656|Tate
2765|1-580-206-2480|Zelenia
2766|1-960-593-8086|Lance
2767|1-876-405-3184|Edan
2768|1-140-293-8807|Ray
2769|1-123-354-3771|Heather
2770|1-917-996-3992|Addison
2771|1-672-807-8419|Geraldine
2772|1-512-645-7693|Kaseem
2773|1-626-749-0651|Hedy
2774|1-959-177-7471|Fatima
2775|1-293-387-3987|Buffy
2776|1-584-969-0195|Rigel
2777|1-508-649-0976|Rafael
2778|1-870-459-5853|Sheila
2779|1-886-601-3849|Madeson
2780|1-173-804-0128|Unity
2781|1-856-182-4652|Quin
2782|1-911-407-6205|Jamal
2783|1-639-953-1131|Brenden
2784|1-260-660-1746|Lana
2785|1-632-958-0281|Alika
2786|1-616-956-3215|Dorothy
2787|1-115-839-3735|Micah
2788|1-842-827-3857|Karina
2789|1-557-705-6354|Rooney
2790|1-980-383-6447|Ori
2791|1-702-598-4670|Ashton
2792|1-353-680-4166|Marny
2793|1-121-884-6967|Darius
2794|1-669-274-7059|MacKenzie
2795|1-594-186-2408|Aline
2796|1-949-552-0387|Akeem
2797|1-126-366-3314|Aileen
2798|1-118-947-9192|Teegan
2799|1-431-508-2082|Melanie
2800|1-907-363-2969|Norman
2801|1-470-930-5050|Kamal
2802|1-679-669-2222|Tanek
2803|1-640-101-1785|Damon
2804|1-572-156-6683|Hector
2805|1-511-923-5991|Austin
2806|1-264-485-4963|Shelley
2807|1-443-673-4413|Eagan
2808|1-690-758-8744|Arsenio
2809|1-240-615-5556|Driscoll
2810|1-305-413-7069|Jordan
2811|1-282-726-9797|Peter
2812|1-226-435-0462|Colby
2813|1-464-611-0684|Jael
2814|1-214-588-4033|Alvin
2815|1-283-899-1188|Gage
2816|1-458-112-6895|Sebastian
2817|1-109-847-4848|Bertha
2818|1-188-978-3994|Roth
2819|1-672-436-2590|Valentine
2820|1-599-197-9438|Malik
2821|1-711-127-4498|Brian
2822|1-679-764-8753|Darryl
2823|1-739-303-1532|Adria
2824|1-216-506-4432|George
2825|1-130-853-4179|Debra
2826|1-735-734-1579|Malik
2827|1-801-676-5584|Daria
2828|1-119-316-6948|Ulric
2829|1-891-330-7502|Danielle
2830|1-298-195-4956|Ora
2831|1-191-990-3964|Casey
2832|1-333-324-4997|Claire
2833|1-896-885-1901|Jillian
2834|1-224-375-7219|Camilla
2835|1-149-581-4234|Claudia
2836|1-254-663-0884|Eleanor
2837|1-657-288-1990|Reece
2838|1-535-913-1904|Francis
2839|1-776-616-8031|Tate
2840|1-770-257-1340|Evangeline
2841|1-805-813-0538|Vera
2842|1-857-873-8723|Ramona
2843|1-424-629-6145|Kato
2844|1-407-594-4746|Tana
2845|1-915-898-2317|Melodie
2846|1-170-961-9122|Germaine
2847|1-193-560-9119|Sasha
2848|1-758-247-3041|Quincy
2849|1-998-716-0059|Jaden
2850|1-473-651-1427|Jacqueline
2851|1-992-485-4433|Zeus
2852|1-946-267-2310|Aline
2853|1-516-323-7043|Larissa
2854|1-119-781-4562|Branden
2855|1-326-248-7097|Peter
2856|1-763-123-4531|Maia
2857|1-925-861-5621|Carly
2858|1-746-761-6105|Bruno
2859|1-149-222-2237|Nichole
2860|1-447-798-0506|Ishmael
2861|1-817-758-5881|Martina
2862|1-336-923-0580|Elmo
2863|1-700-664-1415|Ignatius
2864|1-970-622-1013|Alana
2865|1-144-921-3283|Edward
2866|1-992-622-3881|Isaac
2867|1-823-104-2727|Ivana
2868|1-762-735-4141|Garrison
2869|1-188-459-4194|Zeph
2870|1-515-655-5347|Sarah
2871|1-316-964-3908|Lucian
2872|1-438-956-9050|Eagan
2873|1-238-800-9179|Ainsley
2874|1-440-427-0548|Harper
2875|1-848-950-6249|Kirk
2876|1-674-988-5411|Benjamin
2877|1-910-439-6244|Ursula
2878|1-418-825-6833|Kyra
2879|1-944-879-2414|Adena
2880|1-657-691-4916|Aaron
2881|1-245-348-0079|Dane
2882|1-538-316-6408|Ursula
2883|1-742-892-9839|Paloma
2884|1-439-253-3571|Joan
2885|1-364-326-5307|Slade
2886|1-904-450-5182|India
2887|1-325-607-4876|Lyle
2888|1-742-428-8501|Hamilton
2889|1-259-440-9193|Ginger
2890|1-221-660-0791|Brandon
2891|1-761-959-3328|Kaitlin
2892|1-996-699-1770|Sandra
2893|1-374-601-1275|Lisandra
2894|1-602-126-7252|Samantha
2895|1-849-662-2780|Anthony
2896|1-219-287-1023|Chase
2897|1-122-237-2042|David
2898|1-799-291-9221|Cade
2899|1-672-286-4756|Linus
2900|1-894-989-5614|Kimberley
2901|1-321-761-4037|Paul
2902|1-823-706-2036|Britanni
2903|1-898-498-9222|Colton
2904|1-305-592-6353|Lucius
2905|1-179-685-7669|Zachery
2906|1-469-506-4966|Delilah
2907|1-568-928-3254|Frances
2908|1-570-251-5045|Tanisha
2909|1-708-117-4398|Porter
2910|1-865-431-5351|Asher
2911|1-199-171-0358|Zeus
2912|1-359-723-5515|Lyle
2913|1-731-236-3769|Basil
2914|1-541-714-7108|Whitney
2915|1-897-982-8566|Rina
2916|1-566-579-8510|Kato
2917|1-273-306-0998|Rafael
2918|1-807-757-8475|Alden
2919|1-223-334-8886|Thaddeus
2920|1-965-921-3391|Carter
2921|1-373-583-3101|Mia
2922|1-543-606-1148|Baker
2923|1-623-787-5114|Logan
2924|1-256-465-7222|Alice
2925|1-697-322-4732|Buffy
2926|1-420-376-8149|Andrew
2927|1-162-314-3315|Gage
2928|1-333-373-0744|Shannon
2929|1-713-268-6735|Tyrone
2930|1-709-215-7207|Palmer
2931|1-224-576-6873|Mia
2932|1-138-715-1547|Xenos
2933|1-688-630-6780|Geoffrey
2934|1-723-848-0987|Judith
2935|1-286-835-0018|Ina
2936|1-840-605-8927|Phyllis
2937|1-933-408-6129|Wylie
2938|1-329-697-9219|Shaine
2939|1-521-707-0543|Gretchen
2940|1-159-283-3075|Brendan
2941|1-481-964-9848|Mufutau
2942|1-407-123-1996|Gary
2943|1-434-654-9660|Brooke
2944|1-144-167-4569|Walker
2945|1-928-304-1911|Lee
2946|1-899-622-8144|Geoffrey
2947|1-930-353-0467|Levi
2948|1-189-922-8588|Jelani
2949|1-116-213-6714|Daquan
2950|1-278-575-3090|Sacha
2951|1-679-900-8166|Tarik
2952|1-634-109-1770|Hilel
2953|1-327-705-6932|Jacqueline
2954|1-326-320-1013|Plato
2955|1-422-829-7348|Jack
2956|1-434-616-9942|Lara
2957|1-834-212-7141|Declan
2958|1-789-635-3479|Shelley
2959|1-969-895-3371|Quamar
2960|1-839-489-4991|Athena
2961|1-995-550-0909|Hayden
2962|1-455-879-1548|Jonas
2963|1-399-510-2459|Stuart
2964|1-550-873-4558|Kelly
2965|1-615-329-5322|Kylee
2966|1-409-332-3354|Hamilton
2967|1-439-487-0866|Idola
2968|1-139-754-7243|Addison
2969|1-268-332-9921|Lester
2970|1-316-335-6318|Dolan
2971|1-122-871-5329|Carol
2972|1-155-495-8412|Blythe
2973|1-717-538-9536|Kristen
2974|1-670-682-3210|Kelly
2975|1-429-782-8680|Summer
2976|1-154-657-0375|Deacon
2977|1-566-672-6684|Hannah
2978|1-306-452-0818|Kristen
2979|1-859-614-1671|Macy
2980|1-146-351-1175|Lydia
2981|1-626-610-3598|Camille
2982|1-519-238-7460|Isaiah
2983|1-377-200-8836|Fuller
2984|1-680-676-9125|Martina
2985|1-621-885-0624|Brock
2986|1-990-312-3303|Jelani
2987|1-753-454-3236|Risa
2988|1-930-264-6737|Zia
2989|1-511-951-6946|Debra
2990|1-906-166-0476|Eric
2991|1-955-854-5391|Jasper
2992|1-997-528-8255|Jolene
2993|1-322-493-8518|Shaine
2994|1-775-144-0367|Beck
2995|1-312-912-7236|Avram
2996|1-254-916-5953|Deacon
2997|1-876-163-2431|Nigel
2998|1-642-444-9168|Caesar
2999|1-500-828-7112|Edan
3000|1-504-611-3711|Lacy
3001|1-487-827-7332|Ainsley
3002|1-794-579-5232|Chester
3003|1-926-808-4707|Gabriel
3004|1-101-794-4585|Ivor
3005|1-203-130-0696|Stacey
3006|1-537-707-4355|Keith